{
	"format_version": "1.8.0",
	"animations": {
		"animation.nichirintou_kokyu.shinobu.chou": {
			"animation_length": 0.5,
			"bones": {
				"leftArm": {
					"rotation": {
						"0.0": [0, 0, 0],
						"0.0417": [-45, -47.5, 0]
					},
					"position": [0, 0, 0]
				},
				"rightArm": {
					"rotation": {
						"0.0": [0, 0, 0],
						"0.0417": [30, 0, 45],
						"0.0833": [-66.68557, 13.72533, 50.81731],
						"0.125": [30, 0, 45],
						"0.1667": [-102.5, 0, 45],
						"0.2083": [30, 0, 45],
						"0.25": [-80.08945, -36.87675, 37.67363],
						"0.2917": [30, 0, 45],
						"0.3333": [-56.12736, -12.11377, 20.45114],
						"0.375": [30, 0, 45],
						"0.4167": [-67.99744, -26.37725, -21.28217]
					},
					"position": [0, 0, 0]
				},
				"nichirinto": {
					"rotation": {
						"0.0": [0, 0, 0],
						"0.0417": [-27.5, 0, 0],
						"0.0833": [56.01067, 44.26186, -33.55108],
						"0.125": [-27.5, 0, 0],
						"0.1667": [101.20392, 41.51853, 11.20392],
						"0.2083": [-27.5, 0, 0],
						"0.25": [80.54905, 45.63733, 21.25116],
						"0.2917": [-27.5, 0, 0],
						"0.3333": [58.80852, 19.92209, 12.26823],
						"0.375": [-27.5, 0, 0],
						"0.4167": [71.04062, -3.435, 25.90925]
					},
					"position": {
						"0.0": [0, 0, 0],
						"0.0417": [0, -2, 0],
						"0.0833": [1, -6, 0],
						"0.125": [0, -2, 0],
						"0.1667": [0, -6, 2],
						"0.2083": [0, -2, 0],
						"0.25": [-4, -7, 2],
						"0.2917": [0, -2, 0],
						"0.3333": [-2, -6, -1],
						"0.375": [0, -2, 0],
						"0.4167": [-1, -6, 0]
					}
				}
			},
			"particle_effects": {
				"0.0833": {
					"effect": "mushi_chou_particle",
					"locator": "shinobu4"
				},
				"0.1667": {
					"effect": "mushi_chou_particle",
					"locator": "shinobu4"
				},
				"0.25": {
					"effect": "mushi_chou_particle",
					"locator": "shinobu4"
				},
				"0.3333": {
					"effect": "mushi_chou_particle",
					"locator": "shinobu4"
				},
				"0.4167": {
					"effect": "mushi_chou_particle",
					"locator": "shinobu4"
				}
			}
		},
		"animation.nichirintou_kokyu.shinobu.houga": {
			"animation_length": 0.5,
			"bones": {
				"leftArm": {
					"rotation": {
						"0.0": [0, 0, 0],
						"0.0417": [-45, -47.5, 0],
						"0.3333": [-125.31252, 31.86431, -26.7794]
					},
					"position": [0, 0, 0]
				},
				"rightArm": {
					"rotation": {
						"0.0": [0, 0, 0],
						"0.1667": [30, 0, 45],
						"0.3333": [-116.12989, -16.79674, 15.72286]
					},
					"position": [0, 0, 0]
				},
				"nichirinto": {
					"rotation": {
						"0.0": [0, 0, 0],
						"0.1667": [-27.5, 0, 0],
						"0.3333": [96.87499, 9.8198, 21.32967]
					},
					"position": {
						"0.0": [0, 0, 0],
						"0.1667": [0, -2, 0],
						"0.3333": [-1, -7, 3]
					}
				},
				"body": {
					"rotation": {
						"0.0": [0, 0, 0],
						"0.3333": [17.5, 0, 0]
					},
					"position": {
						"0.0": [0, 0, 0],
						"0.3333": [0, 0, -4]
					}
				},
				"head": {
					"rotation": {
						"0.0": [0, 0, 0],
						"0.3333": [-20, 0, 0]
					},
					"position": [0, 0, 0]
				},
				"leftLeg": {
					"rotation": {
						"0.0": [0, 0, 0],
						"0.3333": [30, 0, 0]
					}
				},
				"rightLeg": {
					"rotation": {
						"0.0": [0, 0, 0],
						"0.3333": [-27.5, 0, 0]
					}
				}
			},
			"particle_effects": {
				"0.5": {
					"effect": "mushi_chou_particle",
					"locator": "shinobu4"
				}
			}
		},
		"animation.nichirintou_kokyu.shinobu.seirei": {
			"animation_length": 0.5,
			"bones": {
				"leftArm": {
					"rotation": [0, 0, -25]
				},
				"rightArm": {
					"rotation": {
						"0.0": [0, 0, 0],
						"0.0417": [-83.32219, -41.9621, 65.24011],
						"0.0833": [-35.82219, -41.9621, 65.24011],
						"0.125": [-118.91744, -32.41483, 131.11773],
						"0.1667": [-43.92, -32.41, 131.12],
						"0.2083": [-140.47244, 23.05723, -58.27088],
						"0.25": [-20.4943, 6.75377, -62.16694],
						"0.2917": [-142.72643, -10.83696, 94.26882],
						"0.3333": [-27.73, -10.84, 94.27],
						"0.375": [-94.82024, -17.0255, 13.61183],
						"0.4167": [20.18, -17.03, 13.61],
						"0.4583": [-113.43807, -31.45025, 119.48967],
						"0.5": [-15.93807, -31.45025, 119.48967]
					}
				},
				"nichirinto": {
					"rotation": {
						"0.0": [0, 0, 0],
						"0.0417": [-22.5, 0, 0],
						"0.0833": [17.5, 0, 0],
						"0.125": [-5, 0, 0],
						"0.1667": [40, 0, 0],
						"0.2083": [7.5, 0, 0],
						"0.25": [30, 0, 0],
						"0.2917": [-7.5, 0, 0],
						"0.3333": [27.5, 0, 0],
						"0.375": [-27.5, 0, 0],
						"0.4167": [-2.5, 0, 0],
						"0.5": [37.5, 0, 0]
					},
					"position": {
						"0.0": [0, 0, 0],
						"0.0833": [0, -2, -2],
						"0.1667": [0, -3, -1],
						"0.2083": [0, -2, -3],
						"0.25": [0, -5, -3],
						"0.2917": [0, -1, -5],
						"0.3333": [0, -2, -5],
						"0.375": [0, 3, -3],
						"0.4167": [0, 0, -3],
						"0.5": [0, -4, -3]
					}
				}
			},
			"particle_effects": {
				"0.0833": {
					"effect": "mushi_chou_particle",
					"locator": "shinobu4"
				},
				"0.1667": {
					"effect": "mushi_chou_particle",
					"locator": "shinobu4"
				},
				"0.25": {
					"effect": "mushi_chou_particle",
					"locator": "shinobu4"
				},
				"0.3333": {
					"effect": "mushi_chou_particle",
					"locator": "shinobu4"
				},
				"0.4167": {
					"effect": "mushi_chou_particle",
					"locator": "shinobu4"
				},
				"0.5": {
					"effect": "mushi_chou_particle",
					"locator": "shinobu4"
				}
			}
		}
	}
}