{
	"format_version": "1.8.0",
	"animations": {
		"animation.daki_obi.yaeobigiri": {
			"loop": "hold_on_last_frame",
			"animation_length": 0.3333,
			"bones": {
				"body": {
					"rotation": [0, 0, 0],
					"position": [0, 0, 0]
				},
				"obi_right_up": {
					"rotation": {
						"0.0": [0, 0, -90],
						"0.3333": [-36.40051, 28.53623, -99.55902]
					},
					"position": [0, -2, 0]
				},
				"obi": {
					"rotation": [0, 0, 0],
					"position": [0, 0, 0],
					"scale": 1
				},
				"obi2": {
					"rotation": {
						"0.0": [0, 0, 0],
						"0.125": [-56.18815, -22.94704, 22.02096]
					},
					"position": {
						"0.0": [0, 0, 0],
						"0.125": [0, 0, 0]
					},
					"scale": {
						"0.0": [1, 1, 1],
						"0.125": [1, 20, 1]
					}
				},
				"obi3": {
					"rotation": {
						"0.0": [0, 0, 0],
						"0.125": [-126.8849, -42.0529, 31.84596]
					},
					"position": {
						"0.0": [0, 0, 0],
						"0.125": [9, -59, -77]
					},
					"scale": {
						"0.0": [1, 1, 1],
						"0.125": [1, 17.3, 1]
					}
				},
				"obi_left_up": {
					"rotation": {
						"0.0": [0, 0, 87.5],
						"0.3333": [-33.65181, -23.03568, 94.55271]
					},
					"position": [0, -2, 0]
				},
				"obi_right_down": {
					"rotation": {
						"0.0": [0, 0, -67.5],
						"0.3333": [-1.91699, 37.45817, -68.15]
					},
					"position": [0, -2, 0]
				},
				"obi_left_down": {
					"rotation": {
						"0.0": [0, 0, 67.5],
						"0.125": [-7.49294, 0.32621, 67.47864],
						"0.3333": [-9.75058, -42.12494, 68.34271]
					},
					"position": [0, -2, 0]
				},
				"obi12": {
					"rotation": {
						"0.0": [0, 0, 0],
						"0.125": [-149.38778, 20.26825, -13.45104],
						"0.3333": [-142.76033, 45.05095, -0.07428]
					},
					"position": {
						"0.0": [0, 0, 0],
						"0.125": [-10, -24, -41]
					},
					"scale": {
						"0.0": [1, 1, 1],
						"0.125": [1, 11.1, 1],
						"0.3333": [1, 10, 1]
					}
				},
				"obi4": {
					"rotation": [0, 0, 0],
					"position": [0, 0, 0]
				},
				"obi5": {
					"rotation": {
						"0.0": [0, 0, 0],
						"0.125": [-52.70844, 7.43471, -5.65229]
					},
					"position": {
						"0.0": [0, 0, 0],
						"0.125": [0, 0, -1]
					},
					"scale": {
						"0.0": [1, 1, 1],
						"0.125": [1, 19.1, 1]
					}
				},
				"obi6": {
					"rotation": {
						"0.0": [0, 0, 0],
						"0.125": [-132.45246, 24.82183, -45.73944]
					},
					"position": {
						"0.0": [0, 0, 0],
						"0.125": [-4, -53, -77]
					},
					"scale": {
						"0.0": [1, 1, 1],
						"0.125": [1, 19.1, 1]
					}
				},
				"obi7": {
					"rotation": {
						"0.0": [0, 0, 0],
						"0.125": [0, 0, 0]
					},
					"position": {
						"0.0": [0, 0, 0],
						"0.125": [0, 0, 0]
					},
					"scale": 1
				},
				"obi8": {
					"rotation": {
						"0.0": [0, 0, 0],
						"0.125": [-72.31589, -14.88312, 1.72236]
					},
					"position": {
						"0.0": [0, 0, 0],
						"0.125": [0, 0, 0]
					},
					"scale": {
						"0.0": [1, 1, 1],
						"0.125": [1, 10.2, 1]
					}
				},
				"obi9": {
					"rotation": {
						"0.0": [0, 0, 0],
						"0.125": [-167.03832, -19.71116, 27.45141],
						"0.3333": [-156.77591, -27.60994, 9.85027]
					},
					"position": {
						"0.0": [0, 0, 0],
						"0.125": [12, -11, -47]
					},
					"scale": {
						"0.0": [1, 1, 1],
						"0.125": [1, 10.3, 1],
						"0.3333": [1, 9.3, 1]
					}
				},
				"obi10": {
					"rotation": [0, 0, 0],
					"position": [0, 0, 0],
					"scale": 1
				},
				"obi11": {
					"rotation": {
						"0.0": [0, 0, 0],
						"0.125": [-60.12771, 22.01609, -12.84877]
					},
					"position": {
						"0.0": [0, 0, 0],
						"0.125": [0, 0, 0]
					},
					"scale": {
						"0.0": [1, 1, 1],
						"0.125": [1, 10.4, 1]
					}
				},
				"obi_left_down2": {
					"rotation": {
						"0.0": [0, 0, 40],
						"0.3333": [24.61562, -35.80852, 26.93606]
					},
					"position": [0, -2, 0]
				},
				"obi_right_up2": {
					"rotation": {
						"0.0": [0, 0, -67.5],
						"0.3333": [-22.90981, 39.85571, -75.9032]
					},
					"position": [0, -2, 0]
				},
				"obi13": {
					"rotation": {
						"0.0": [0, 0, 0],
						"0.125": [0, 0, 0]
					},
					"position": [0, 0, 0],
					"scale": 1
				},
				"obi14": {
					"rotation": {
						"0.0": [0, 0, 0],
						"0.125": [-60.12771, -22.01609, 12.84877]
					},
					"position": {
						"0.0": [0, 0, 0],
						"0.125": [0, 0, 0]
					},
					"scale": {
						"0.0": [1, 1, 1],
						"0.125": [1, 14.9, 1]
					}
				},
				"obi15": {
					"rotation": {
						"0.0": [0, 0, 0],
						"0.125": [-155.96772, -22.7528, 44.67612]
					},
					"position": {
						"0.0": [0, 0, 0],
						"0.125": [15, -37, -60]
					},
					"scale": {
						"0.0": [1, 1, 1],
						"0.125": [1, 16.2, 1]
					}
				},
				"obi_left_up2": {
					"rotation": {
						"0.0": [0, 0, 60],
						"0.3333": [-21.16931, -37.75546, 67.31223]
					},
					"position": [0, -2, 0]
				},
				"obi16": {
					"rotation": [0, 0, 0],
					"position": [0, 0, 0]
				},
				"obi17": {
					"rotation": {
						"0.0": [0, 0, 0],
						"0.125": [-57.77189, 23.22148, -10.08055]
					},
					"position": {
						"0.0": [0, 0, 0],
						"0.125": [0, 0, -1]
					},
					"scale": {
						"0.0": [1, 1, 1],
						"0.125": [1, 14.7, 1]
					}
				},
				"obi18": {
					"rotation": {
						"0.0": [0, 0, 0],
						"0.125": [-142.82276, 39.33863, -18.97395]
					},
					"position": {
						"0.0": [0, 0, 0],
						"0.125": [-17, -38, -59]
					},
					"scale": {
						"0.0": [1, 1, 1],
						"0.125": [1, 17.2, 1]
					}
				},
				"obi_right_down2": {
					"rotation": {
						"0.0": [0, 0, -40],
						"0.125": [0, 0, -45],
						"0.3333": [13.46783, 32.61461, -41.0432]
					},
					"position": [0, -2, 0]
				},
				"obi19": {
					"rotation": [0, 0, 0],
					"position": [0, 0, 0],
					"scale": 1
				},
				"obi20": {
					"rotation": {
						"0.0": [0, 0, 0],
						"0.125": [-78.94196, -2.42486, 1.93621]
					},
					"position": {
						"0.0": [0, 0, 0],
						"0.125": [0, 0, 0]
					},
					"scale": {
						"0.0": [1, 1, 1],
						"0.125": [1, 7.5, 1]
					}
				},
				"obi21": {
					"rotation": {
						"0.0": [0, 0, 0],
						"0.125": [-161.38878, -7.46574, 9.98479],
						"0.3333": [-152.27903, -36.43295, -15.26255]
					},
					"position": {
						"0.0": [0, 0, 0],
						"0.125": [1, -2, -37]
					},
					"scale": {
						"0.0": [1, 1, 1],
						"0.125": [1, 6, 1],
						"0.3333": [1, 5.2, 1]
					}
				},
				"obi22": {
					"rotation": [0, 0, 0],
					"position": [0, 0, 0]
				},
				"obi23": {
					"rotation": {
						"0.0": [0, 0, 0],
						"0.125": [-83.61547, 19.98633, 1.81054]
					},
					"position": {
						"0.0": [0, 0, 0],
						"0.125": [0, 1, 0]
					},
					"scale": {
						"0.0": [1, 1, 1],
						"0.125": [1, 7.4, 1]
					}
				},
				"obi24": {
					"rotation": {
						"0.0": [0, 0, 0],
						"0.125": [-165.84565, 16.88396, 0.91336],
						"0.3333": [-154.48683, 36.19958, 22.09416]
					},
					"position": {
						"0.0": [0, 0, 0],
						"0.125": [-13, 2, -34]
					},
					"scale": {
						"0.0": [1, 1, 1],
						"0.125": [1, 8.4, 1],
						"0.3333": [1, 6, 1]
					}
				}
			}
		},
		"animation.daki_obi.barrage_attack": {
			"loop": true,
			"animation_length": 0.3333,
			"bones": {
				"obi_right_up": {
					"rotation": [-90, -10, -42.5],
					"position": [2, 0, 0],
					"scale": {
						"0.0": [1, 1, 1],
						"0.0833": [1, 1, 1],
						"0.1667": [1, 8.9, 1],
						"0.25": [1, 1, 1],
						"0.3333": [1, 1, 1]
					}
				},
				"obi_left_up": {
					"rotation": [-87.50014, 9.98135, 35.86795],
					"position": [-2, 0, 0],
					"scale": {
						"0.0": [1, 9.2, 1],
						"0.0833": [1, 1, 1],
						"0.1667": [1, 1, 1],
						"0.25": [1, 1, 1],
						"0.3333": [1, 9.7, 1]
					}
				},
				"obi_right_down": {
					"rotation": [-87.5, 7.5, -65],
					"position": [2, -3, 1],
					"scale": {
						"0.0": [1, 8.1, 1],
						"0.0833": [1, 1, 1],
						"0.1667": [1, 1, 1],
						"0.25": [1, 1, 1],
						"0.3333": [1, 8.7, 1]
					}
				},