{
	"format_version": "1.8.0",
	"animations": {
		"animation.gyutaro.bakkotyouryou": {
			"loop": true,
			"animation_length": 0.3333,
			"bones": {
				"body": {
					"rotation": [35, 0, 0],
					"position": [0, -2, -6]
				},
				"rightArm": {
					"rotation": {
						"0.0": [-78.3686, 34.11935, 157.75964],
						"0.0833": [-156.74758, -39.30962, 217.62816],
						"0.1667": [-36.88816, 7.63849, -39.82202],
						"0.25": [-24.54108, 57.29791, 98.52552],
						"0.3333": [-108.83654, 0.15402, -0.34111]
					}
				},
				"leftArm": {
					"rotation": {
						"0.0": [-54.21922, -62.02506, 7.24856],
						"0.0833": [-108.46336, -0.36455, -121.9354],
						"0.1667": [-13.46336, -0.36455, -121.9354],
						"0.25": [-76.35433, -55.58198, 48.71515],
						"0.3333": [-25.41973, 18.87147, 55.4081]
					}
				},
				"rightLeg": {
					"rotation": [-25, 0, 0]
				},
				"leftLeg": {
					"rotation": [37.5, 0, 0]
				}
			}
		},
		"animation.gyutaro.enzansenkai": {
			"loop": "hold_on_last_frame",
			"bones": {
				"rightArm": {
					"rotation": [0, 0, 87.5]
				},
				"leftArm": {
					"rotation": [0, 0, -87.5]
				},
				"rightLeg": {
					"rotation": [-7.32417, 1.61888, 12.39638]
				},
				"leftLeg": {
					"rotation": [0, 0, -12.5]
				}
			}
		},
		"animation.gyutaro.enzansenkai_2": {
			"loop": "hold_on_last_frame",
			"animation_length": 0.0833,
			"bones": {
				"rightArm": {
					"rotation": {
						"0.0": [0, 0, 87.5],
						"0.0833": [-84.99526, -2.49048, 89.78197]
					}
				},
				"leftArm": {
					"rotation": {
						"0.0": [0, 0, -87.5],
						"0.0833": [-87.49762, 2.49762, -89.89088]
					}
				},
				"rightLeg": {
					"rotation": [-7.32417, 1.61888, 12.39638]
				},
				"leftLeg": {
					"rotation": [0, 0, -12.5]
				}
			}
		}
	}
}