{
	"format_version": "1.8.0",
	"animations": {
		"animation.kekkizyutu.koori.body.konagoori": {
			"loop": true,
			"animation_length": 0.04167
		},
		"animation.kekkizyutu.koori.body.hasugoori": {
			"loop": "hold_on_last_frame",
			"animation_length": 0.25,
			"bones": {
				"body": {
					"rotation": {
						"0.0": [0, 0, 0],
						"0.0417": [35, 0, 0]
					},
					"position": {
						"0.0": [0, 0, 0],
						"0.0417": [0, -2, -6]
					}
				},
				"head": {
					"rotation": {
						"0.0": [0, 0, 0],
						"0.0417": [-32.5, 0, 0]
					},
					"position": [0, 0, 0]
				},
				"rightArm": {
					"rotation": {
						"0.0": [0, 0, 0],
						"0.0417": [-128.55707, 14.34337, 108.35788],
						"0.25": [25.53022, -21.65635, 92.01719]
					},
					"position": {
						"0.0": [0, 0, 0],
						"0.25": [0, -1, 1]
					}
				},
				"leftArm": {
					"rotation": {
						"0.0": [0, 0, 0],
						"0.0417": [-114.33275, 37.05034, -40.04909],
						"0.0833": [-101.7389, 9.88141, -17.55213],
						"0.125": [-91.99356, -14.4278, -19.74337],
						"0.1667": [-82.37918, -45.09567, -12.65135],
						"0.2083": [-74.84634, -79.10419, -13.14803],
						"0.25": [87.62289, -65.8344, -185.91779]
					},
					"position": {
						"0.0": [0, 0, 0],
						"0.25": [0, -1, 0]
					}
				},
				"rightLeg": {
					"rotation": {
						"0.0": [0, 0, 0],
						"0.0417": [-22.5, 0, 7.5]
					},
					"position": [0, 0, 0]
				},
				"leftLeg": {
					"rotation": {
						"0.0": [0, 0, 0],
						"0.0417": [22.32648, 2.86313, -6.93488]
					},
					"position": [0, 0, 0]
				}
			}
		},
		"animation.kekkizyutu.koori.body.karesonosizuri": {
			"loop": true,
			"animation_length": 0.6667,
			"bones": {
				"rightArm": {
					"rotation": {
						"0.0": [-122.00019, 8.507, 128.28739],
						"0.1667": [-9.50019, 8.507, 128.28739],
						"0.3333": [-170.49981, -8.507, -51.71261],
						"0.5": [-45.49981, -8.507, -51.71261],
						"0.6667": [-106.09659, 61.55459, -54.53885]
					}
				},
				"leftArm": {
					"rotation": {
						"0.0": [-54.21922, -62.02506, 7.24856],
						"0.1667": [-108.46336, -0.36455, -121.9354],
						"0.3333": [-13.46336, -0.36455, -121.9354],
						"0.5": [-166.52799, -2.06673, 57.48233],
						"0.6667": [-11.52799, -2.06673, 57.48233]
					}
				}
			}
		},
		"animation.kekkizyutu.koori.body.itegumori": {
			"loop": "hold_on_last_frame",
			"animation_length": 0.2083,
			"bones": {
				"body": {
					"rotation": {
						"0.0": [0, 35, 0],
						"0.2083": [0, -70, 0]
					},
					"position": [0, 0, 0]
				},
				"head": {
					"rotation": {
						"0.0": [0, -25, 0],
						"0.2083": [0, 77.5, 0]
					}
				},
				"rightArm": {
					"rotation": [0, 85, 90],
					"position": [0, 0, 0]
				},
				"leftArm": {
					"rotation": [-22.5, 0, -92.5],
					"position": [0, -1, 1]
				},
				"rightLeg": {
					"rotation": {
						"0.0": [0, 0, 17.5],
						"0.2083": [-15, 0, 17.5]
					}
				},
				"leftLeg": {
					"rotation": {
						"0.0": [0, 0, -12.5],
						"0.2083": [27.5, 0, -12.5]
					}
				}
			}
		},
		"animation.kekkizyutu.koori.body.tururenge": {
			"loop": "hold_on_last_frame",
			"bones": {
				"rightArm": {
					"rotation": [-62.15993, 3.21132, 12.08681]
				},
				"leftArm": {
					"rotation": [-61.27832, -1.78045, -14.86365]
				}
			}
		},
		"animation.kekkizyutu.koori.body.kanretunosirahime": {
			"loop": "hold_on_last_frame",
			"animation_length": 0.2083,
			"bones": {
				"rightArm": {
					"rotation": {
						"0.0": [-76.5498, 41.70738, 9.04107],
						"0.2083": [-74.66019, -48.97354, -11.69208]
					}
				}
			}
		},
		"animation.kekkizyutu.koori.body.fuyuzareturara": {
			"loop": "hold_on_last_frame",
			"animation_length": 0.2083,
			"bones": {
				"rightArm": {
					"rotation": {
						"0.0": [-75.99806, -44.13603, -9.85108],
						"0.2083": [-76.5498, 41.70738, 9.04107]
					}
				}
			}
		},
		"animation.kekkizyutu.koori.body.tirirenge": {
			"loop": "hold_on_last_frame",
			"animation_length": 0.25,
			"bones": {
				"rightArm": {
					"rotation": {
						"0.0": [-13.49919, 76.25879, 79.90502],
						"0.25": [-68.35079, -51.23868, -13.41073]
					}
				},
				"leftArm": {
					"rotation": {
						"0.0": [-12.80585, -74.4586, -81.01987],
						"0.25": [-63.86784, 53.10479, 17.17679]
					}
				}
			}
		}
	}
}