{
	"format_version": "1.8.0",
	"animations": {
		"animation.takotubo.attack": {
			"loop": true,
			"animation_length": 0.5833,
			"bones": {
				"ashi_root": {
					"rotation": [0, 0, 0],
					"position": [0, 0, 0]
				},
				"ashi": {
					"rotation": [0, 42.5, 0],
					"position": [0, 0, 0],
					"scale": {
						"0.0": [1, 1, 1.6],
						"0.1667": [1, 1, 1]
					}
				},
				"ue": {
					"rotation": {
						"0.0": [0, 0, 0],
						"0.0417": [0, -57.5, 0],
						"0.125": [0, -44.17, 0],
						"0.1667": [0, 0, 0]
					},
					"position": {
						"0.0": [0, 0, 0],
						"0.0417": [-2, 0, -9],
						"0.1667": [0, 0, 0]
					},
					"scale": {
						"0.0": [1, 1, 1],
						"0.0833": [1, 1, 1.5],
						"0.125": [1, 1, 6.25],
						"0.1667": [1, 1, 1]
					}
				},
				"sita": {
					"rotation": {
						"0.0": [0, 0, 0],
						"0.0417": [0, 0, 0],
						"0.1667": [0, 0, 0]
					},
					"position": {
						"0.0": [0, 0, 0],
						"0.0417": [0, 0, 0],
						"0.1667": [0, 0, 0]
					},
					"scale": {
						"0.0": [1, 1, 1],
						"0.0417": [1, 1, 1.8],
						"0.1667": [1, 1, 1]
					}
				},
				"ashi2": {
					"rotation": [-21.08798, 21.86738, -3.66919],
					"position": [0, 0, 0],
					"scale": {
						"0.0": [1, 1, 1.7],
						"0.2083": [1, 1, 1]
					}
				},
				"ue2": {
					"rotation": {
						"0.0": [0, 0, 0],
						"0.0833": [58.00809, -37.61635, -20.86738],
						"0.1667": [21.19477, -26.62171, -12.45659],
						"0.2083": [0, 0, 0]
					},
					"position": {
						"0.0": [0, 0, 0],
						"0.0833": [-2.5, 1, -10.5],
						"0.2083": [0, 0, 0]
					},
					"scale": {
						"0.0": [1, 1, 1],
						"0.125": [1, 1, 1.5],
						"0.1667": [1, 1, 6],
						"0.2083": [1, 1, 1]
					}
				},
				"sita2": {
					"rotation": {
						"0.0": [0, 0, 0],
						"0.0833": [0, 0, 0],
						"0.2083": [0, 0, 0]
					},
					"position": {
						"0.0": [0, 0, 0],
						"0.0833": [0, 0, 0],
						"0.2083": [0, 0, 0]
					},
					"scale": {
						"0.0": [1, 1, 1],
						"0.0833": [1, 1, 2],
						"0.2083": [1, 1, 1]
					}
				},
				"ashi3": {
					"rotation": [0, 0, 0],
					"position": [0, 0, 0],
					"scale": {
						"0.0": [1, 1, 1.6],
						"0.2917": [1, 1, 1]
					}
				},
				"ue3": {
					"rotation": {
						"0.0": [0, 0, 0],
						"0.1667": [0, 0, 0],
						"0.25": [0, 10, 0],
						"0.2917": [0, 0, 0]
					},
					"position": {
						"0.0": [0, 0, 0],
						"0.1667": [0, 0, -15],
						"0.2917": [0, 0, 0]
					},
					"scale": {
						"0.0": [1, 1, 1],
						"0.2083": [1, 1, 2.1],
						"0.25": [1, 1, 5.1],
						"0.2917": [1, 1, 1]
					}
				},
				"sita3": {
					"rotation": {
						"0.0": [0, 0, 0],
						"0.1667": [0, 0, 0],
						"0.2917": [0, 0, 0]
					},
					"position": {
						"0.0": [0, 0, 0],
						"0.1667": [0, 0, 0],
						"0.2917": [0, 0, 0]
					},
					"scale": {
						"0.0": [1, 1, 1],
						"0.1667": [1, 1, 2],
						"0.2917": [1, 1, 1]
					}
				},
				"ashi4": {
					"rotation": [17.5, -12.5, 0],
					"position": [0, 0, 0],
					"scale": {
						"0.0": [1, 1, 1.6],
						"0.3333": [1, 1, 1]
					}
				},
				"ue4": {
					"rotation": {
						"0.0": [0, 0, 0],
						"0.2083": [-53.95666, 43.43195, -27.47668],
						"0.2917": [-25.48555, 14.47732, -9.15889],
						"0.3333": [0, 0, 0]
					},
					"position": {
						"0.0": [0, 0, 0],
						"0.2083": [0, 0, -15],
						"0.3333": [0, 0, 0]
					},
					"scale": {
						"0.0": [1, 1, 1],
						"0.25": [1, 1, 1.6],
						"0.2917": [1, 1, 4.5],
						"0.3333": [1, 1, 1]
					}
				},
				"sita4": {
					"rotation": {
						"0.0": [0, 0, 0],
						"0.2083": [0, 0, 0],
						"0.3333": [0, 0, 0]
					},
					"position": {
						"0.0": [0, 0, 0],
						"0.2083": [0, 0, 0],
						"0.3333": [0, 0, 0]
					},
					"scale": {
						"0.0": [1, 1, 1],
						"0.2083": [1, 1, 2],
						"0.3333": [1, 1, 1]
					}
				},
				"ashi5": {
					"rotation": [-10, -25, 0],
					"position": [0, 0, 0],
					"scale": {
						"0.0": [1, 1, 1.6],
						"0.4167": [1, 1, 1]
					}
				},
				"ue5": {
					"rotation": {
						"0.0": [0, 0, 0],
						"0.2917": [5, 55, 0],
						"0.375": [9.60014, 33.29347, 0.90541],
						"0.4167": [0, 0, 0]
					},
					"position": {
						"0.0": [0, 0, 0],
						"0.2917": [0, 0, -15],
						"0.4167": [0, 0, 0]
					},
					"scale": {
						"0.0": [1, 1, 1],
						"0.3333": [1, 1, 1.5],
						"0.375": [1, 1, 6.2],
						"0.4167": [1, 1, 1]
					}
				},
				"sita5": {
					"rotation": {
						"0.0": [0, 0, 0],
						"0.2917": [0, 0, 0],
						"0.4167": [0, 0, 0]
					},
					"position": {
						"0.0": [0, 0, 0],
						"0.2917": [0, 0, 0],
						"0.4167": [0, 0, 0]
					},
					"scale": {
						"0.0": [1, 1, 1],
						"0.2917": [1, 1, 2.1],
						"0.4167": [1, 1, 1]
					}
				},
				"ashi6": {
					"rotation": [20.83112, 22.14221, 2.78119],
					"position": [0, 0, 0],
					"scale": {
						"0.0": [1, 1, 1.6],
						"0.4583": [1, 1, 1]
					}
				},
				"ue6": {
					"rotation": {
						"0.0": [0, 0, 0],
						"0.3333": [-45.24614, -5.29571, 5.31847],
						"0.4167": [-38.18026, -21.32312, 17.68123],
						"0.4583": [0, 0, 0]
					},
					"position": {
						"0.0": [0, 0, 0],
						"0.3333": [0, 0, -15],
						"0.4583": [0, 0, 0]
					},
					"scale": {
						"0.0": [1, 1, 1],
						"0.375": [1, 1, 1.8],
						"0.4167": [1, 1, 6.2],
						"0.4583": [1, 1, 1]
					}
				},
				"sita6": {
					"rotation": {
						"0.0": [0, 0, 0],
						"0.3333": [0, 0, 0],
						"0.4583": [0, 0, 0]
					},
					"position": {
						"0.0": [0, 0, 0],
						"0.3333": [0, 0, 0],
						"0.4583": [0, 0, 0]
					},
					"scale": {
						"0.0": [1, 1, 1],
						"0.3333": [1, 1, 2],
						"0.4583": [1, 1, 1]
					}
				},
				"ashi7": {
					"rotation": [7.5, -42.5, 0],
					"position": [0, 0, 0],
					"scale": {
						"0.0": [1, 1, 1.6],
						"0.5417": [1, 1, 1]
					}
				},
				"ue7": {
					"rotation": {
						"0.0": [0, 0, 0],
						"0.4167": [-23.115, 64.61745, -3.45177],
						"0.5": [-9.94707, 43.78355, -5.22586],
						"0.5417": [0, 0, 0]
					},
					"position": {
						"0.0": [0, 0, 0],
						"0.4167": [0, 0, -15],
						"0.5417": [0, 0, 0]
					},
					"scale": {
						"0.0": [1, 1, 1],
						"0.4583": [1, 1, 2.1],
						"0.5": [1, 1, 7],
						"0.5417": [1, 1, 1]
					}
				},
				"sita7": {
					"rotation": {
						"0.0": [0, 0, 0],
						"0.4167": [0, 0, 0],
						"0.5417": [0, 0, 0]
					},
					"position": {
						"0.0": [0, 0, 0],
						"0.4167": [0, 0, 0],
						"0.5417": [0, 0, 0]
					},
					"scale": {
						"0.0": [1, 1, 1],
						"0.4167": [1, 1, 2],
						"0.5417": [1, 1, 1]
					}
				},
				"ashi8": {
					"rotation": [-32.5, 0, 0],
					"position": [0, 0, 0],
					"scale": {
						"0.0": [1, 1, 1.6],
						"0.5833": [1, 1, 1]
					}
				},
				"ue8": {
					"rotation": {
						"0.0": [0, 0, 0],
						"0.4583": [42.52472, 1.34295, 2.10886],
						"0.5417": [34.17491, 0.44765, 0.70295],
						"0.5833": [0, 0, 0]
					},
					"position": {
						"0.0": [0, 0, 0],
						"0.4583": [0, 2, -10],
						"0.5833": [0, 0, 0]
					},
					"scale": {
						"0.0": [1, 1, 1],
						"0.5": [1, 1, 1.6],
						"0.5417": [1, 1, 7.5],
						"0.5833": [1, 1, 1]
					}
				},
				"sita8": {
					"rotation": {
						"0.0": [0, 0, 0],
						"0.4583": [0, 0, 0],
						"0.5833": [0, 0, 0]
					},
					"position": {
						"0.0": [0, 0, 0],
						"0.4583": [0, 0, 0],
						"0.5833": [0, 0, 0]
					},
					"scale": {
						"0.0": [1, 1, 1],
						"0.4583": [1, 1, 1.9],
						"0.5833": [1, 1, 1]
					}
				},
				"tako": {
					"position": [0, 14, -14]
				}
			}
		}
	}
}