{
	"format_version": "1.8.0",
	"animations": {
		"animation.action.mushi.chou_1_third": {
			"animation_length": 0.5,
			"bones": {
				"leftArm": {
					"rotation": {
						"0.0": [0, 0, 0],
						"0.0417": [-45, -47.5, 0]
					},
					"position": [0, 0, 0]
				},
				"rightArm": {
					"rotation": {
						"0.0": [0, 0, 0],
						"0.0417": [30, 0, 45],
						"0.0833": [-66.68557, 13.72533, 50.81731],
						"0.125": [30, 0, 45],
						"0.1667": [-102.5, 0, 45],
						"0.2083": [30, 0, 45],
						"0.25": [-80.08945, -36.87675, 37.67363],
						"0.2917": [30, 0, 45],
						"0.3333": [-56.12736, -12.11377, 20.45114],
						"0.375": [30, 0, 45],
						"0.4167": [-67.99744, -26.37725, -21.28217]
					},
					"position": [0, 0, 0]
				},
				"nichirintou_hold_right": {
					"rotation": {
						"0.0": [0, 0, 0],
						"0.0417": [0, 0, 0],
						"0.0833": [57.5, 0, 0],
						"0.125": [0, 0, 0],
						"0.1667": [97.5, 0, 0],
						"0.2083": [0, 0, 0],
						"0.25": [72.74998, 2.99318, 9.54589],
						"0.2917": [0, 0, 0],
						"0.3333": [72.5, 0, 0],
						"0.375": [0, 0, 0],
						"0.4167": [70, 0, 0]
					},
					"position": {
						"0.0": [0, 0, 0],
						"0.0417": [0, 0, 0],
						"0.0833": [0, 0, -4],
						"0.125": [0, 0, 0],
						"0.1667": [0, -2, -3],
						"0.2083": [0, 0, 0],
						"0.25": [0, 0, -2],
						"0.2917": [0, 0, 0],
						"0.3333": [0, -2, -4],
						"0.375": [0, 0, 0],
						"0.4167": [0, 0, -3]
					}
				}
			},
			"particle_effects": {
				"0.0": {
					"effect": "mushi_chou_particle",
					"locator": "nichirintou_hold6"
				}
			}
		},
		"animation.action.mushi.houga_1_third": {
			"animation_length": 0.5,
			"bones": {
				"leftArm": {
					"rotation": {
						"0.0": [0, 0, 0],
						"0.0417": [-45, -47.5, 0],
						"0.25": [-125.31252, 31.86431, -26.7794]
					},
					"position": [0, 0, 0]
				},
				"rightArm": {
					"rotation": {
						"0.0": [0, 0, 0],
						"0.125": [30, 0, 45],
						"0.25": [-116.12989, -16.79674, 15.72286]
					},
					"position": [0, 0, 0]
				},
				"body": {
					"rotation": {
						"0.0": [0, 0, 0],
						"0.25": [17.5, 0, 0]
					},
					"position": {
						"0.0": [0, 0, 0],
						"0.25": [0, 0, -4]
					}
				},
				"leftLeg": {
					"rotation": {
						"0.0": [0, 0, 0],
						"0.25": [30, 0, 0]
					}
				},
				"rightLeg": {
					"rotation": {
						"0.0": [0, 0, 0],
						"0.25": [-27.5, 0, 0]
					}
				},
				"nichirintou_hold_right": {
					"rotation": {
						"0.125": [0, 0, 0],
						"0.25": [85, 0, 0]
					},
					"position": {
						"0.125": [0, 0, 0],
						"0.25": [0, -3, -3]
					}
				}
			},
			"particle_effects": {
				"0.0": {
					"effect": "mushi_chou_particle",
					"locator": "nichirintou_hold6"
				}
			}
		},
		"animation.action.mushi.seirei_1_third": {
			"animation_length": 0.5,
			"bones": {
				"leftArm": {
					"rotation": [0, 0, -25]
				},
				"rightArm": {
					"rotation": {
						"0.0": [0, 0, 0],
						"0.0417": [-83.32219, -41.9621, 65.24011],
						"0.0833": [-35.82219, -41.9621, 65.24011],
						"0.125": [-118.91744, -32.41483, 131.11773],
						"0.1667": [-43.92, -32.41, 131.12],
						"0.2083": [-140.47244, 23.05723, -58.27088],
						"0.25": [-20.4943, 6.75377, -62.16694],
						"0.2917": [-142.72643, -10.83696, 94.26882],
						"0.3333": [-27.73, -10.84, 94.27],
						"0.375": [-94.82024, -17.0255, 13.61183],
						"0.4167": [20.18, -17.03, 13.61],
						"0.4583": [-113.43807, -31.45025, 119.48967],
						"0.5": [-15.93807, -31.45025, 119.48967]
					}
				},
				"nichirintou_hold_right": {
					"rotation": {
						"0.0": [0, 0, 0],
						"0.0417": [80, 0, 0],
						"0.0833": [-2.5, 0, 0],
						"0.125": [87.5, 0, 0],
						"0.1667": [32.5, 0, 0],
						"0.2083": [142.5, 0, 0],
						"0.25": [75.24998, 2.99318, 9.54589],
						"0.2917": [95, 0, 0],
						"0.3333": [-2.5, 0, 0],
						"0.375": [80.23242, 2.15393, 12.31594],
						"0.4167": [-7.5, 0, 0]
					},
					"position": {
						"0.0": [0, 0, 0],
						"0.0417": [0, 0, 0],
						"0.0833": [0, 0, -4],
						"0.125": [0, 0, 0],
						"0.1667": [0, -2, -3],
						"0.2083": [0, 0, 0],
						"0.25": [0, 0, -2],
						"0.2917": [0, 0, 0],
						"0.3333": [0, -2, -4],
						"0.375": [0, 0, 0],
						"0.4167": [0, 0, -3]
					}
				}
			},
			"particle_effects": {
				"0.0": {
					"effect": "mushi_chou_particle",
					"locator": "nichirintou_hold6"
				}
			}
		},
		"animation.action.mushi.gokou_1_third": {
			"animation_length": 0.4167,
			"bones": {
				"body": {
					"rotation": [57.5, 0, 0],
					"position": [0, -4, -9]
				},
				"rightArm": {
					"rotation": {
						"0.0": [-67.14566, 45.13384, 148.51799],
						"0.1667": [107.53657, 50.62276, 124.18238]
					},
					"position": [0, 0, 0]
				},
				"leftLeg": {
					"rotation": [45, 0, 0],
					"position": [0, 0, 0]
				},
				"rightLeg": {
					"rotation": [-45, 0, 0],
					"position": [0, 0, 0]
				}
			},
			"particle_effects": {
				"0.0": {
					"effect": "mushi_chou_particle",
					"locator": "nichirintou_hold6"
				}
			}
		},
		"animation.action.mushi.chou_1_first": {
			"loop": "hold_on_last_frame",
			"animation_length": 0.5,
			"bones": {
				"nichirintou_hold_right": {
					"rotation": [70, 0, 0],
					"position": {
						"0.0": [-2, -1, -3],
						"0.125": [10, -14, -4]
					}
				},
				"particle": {
					"position": [6, -11, -12]
				}
			},
			"particle_effects": {
				"0.125": {
					"effect": "mushi_chou_particle",
					"locator": "nichirintou_hold6"
				}
			}
		},
		"animation.action.mushi.houga_1_first": {
			"loop": "hold_on_last_frame",
			"animation_length": 0.5,
			"bones": {
				"nichirintou_hold_right": {
					"rotation": [70, 0, 0],
					"position": {
						"0.0": [-2, -1, -3],
						"0.125": [10, -14, -4]
					}
				}
			}
		},
		"animation.action.mushi.seirei_1_first": {
			"loop": "hold_on_last_frame",
			"animation_length": 0.75,
			"bones": {
				"nichirintou_hold_right": {
					"rotation": {
						"0.0": [70, 0, 0],
						"0.0833": [70, 0, 0],
						"0.125": [46.95269, -2.92136, -24.92843],
						"0.2083": [70, 0, 0],
						"0.25": [88.99892, -0.58813, 20.40466],
						"0.3333": [70, 0, 0],
						"0.375": [67.5, 0, 0],
						"0.4583": [70, 0, 0],
						"0.5": [82.5, 0, 0]
					},
					"position": {
						"0.0": [-2, -1, -3],
						"0.0417": [10, -14, -4],
						"0.0833": [-2, -1, -3],
						"0.125": [-2, -1, -3],
						"0.1667": [2, -5, -8],
						"0.2083": [-2, -1, -3],
						"0.25": [-2, -1, -3],
						"0.2917": [2, -8, -3],
						"0.3333": [-2, -1, -3],
						"0.375": [-2, -1, -3],
						"0.4167": [4, -8, -3],
						"0.4583": [-2, -1, -3],
						"0.5": [-2, -1, -3],
						"0.5417": [7, -8, -2]
					}
				}
			}
		},
		"animation.action.mushi.gokou_1_first": {
			"loop": true,
			"animation_length": 0.375
		},
		"animation.action.mushi.chou_third": {
			"loop": true,
			"bones": {
				"particle": {
					"position": [6, -8, -37]
				}
			},
			"particle_effects": {
				"0.0": {
					"effect": "chou",
					"locator": "move_particle1"
				}
			}
		},
		"animation.action.mushi.chou_first": {
			"loop": true,
			"bones": {
				"particle": {
					"position": [824, -689, -15]
				}
			},
			"particle_effects": {
				"0.0": {
					"effect": "chou",
					"locator": "move_particle1"
				}
			}
		}
	}
}