{
	"format_version": "1.8.0",
	"animations": {
		"animation.action.kaze.ichi_1_third": {
			"loop": "hold_on_last_frame",
			"animation_length": 0.1667,
			"bones": {
				"root": {
					"rotation": {
						"0.0": [0, 0, 0],
						"0.1667": [0, 15, 0]
					},
					"position": [0, 0, 0]
				},
				"body": {
					"rotation": {
						"0.0": [0, 0, 0],
						"0.1667": [12.5, 37.5, 0]
					},
					"position": {
						"0.0": [0, 0, 0],
						"0.1667": [-1, -1, -2]
					}
				},
				"leftArm": {
					"rotation": {
						"0.0": [0, 0, 0],
						"0.1667": [-117.46153, 46.68908, -5.96506]
					},
					"position": [0, 0, 0]
				},
				"rightArm": {
					"rotation": {
						"0.0": [0, 0, 0],
						"0.1667": [-137.90702, 16.59139, -0.59366]
					},
					"position": [0, 0, 0]
				},
				"leftLeg": {
					"rotation": {
						"0.0": [0, 0, 0],
						"0.1667": [15.69987, -0.62156, -6.85333]
					},
					"position": [0, 0, 0]
				},
				"rightLeg": {
					"rotation": {
						"0.0": [0, 0, 0],
						"0.1667": [-17.4118, -1.27566, 7.18471]
					},
					"position": [0, 0, 0]
				}
			},
			"particle_effects": {
				"0.0": [
					{
						"effect": "kaze_blead_particle",
						"locator": "nichirintou_hold5"
					},
					{
						"effect": "kaze_blead_particle",
						"locator": "nichirintou_hold6"
					}
				]
			}
		},
		"animation.action.kaze.ichi_2_third": {
			"loop": "hold_on_last_frame",
			"animation_length": 1,
			"bones": {
				"root": {
					"rotation": {
						"0.0": [0, 15, 0],
						"0.1667": [0, -10, 0]
					}
				},
				"body": {
					"rotation": {
						"0.0": [12.5, 37.5, 0],
						"0.1667": [18.86138, -56.7302, -16.01729]
					},
					"position": {
						"0.0": [-1, -1, -2],
						"0.1667": [0, -1, -2]
					}
				},
				"leftArm": {
					"rotation": {
						"0.0": [-117.46153, 46.68908, -5.96506],
						"0.1667": [-56.35744, 68.20179, 6.963]
					}
				},
				"rightArm": {
					"rotation": {
						"0.0": [-90.40702, 16.59139, -0.59366],
						"0.1667": [-27.1802, 28.50451, -18.04606]
					}
				},
				"leftLeg": {
					"rotation": [15.69987, -0.62156, -6.85333]
				},
				"rightLeg": {
					"rotation": [-17.4118, -1.27566, 7.18471]
				},
				"nichirintou_hold_right": {
					"rotation": {
						"0.0": [0, 0, 0],
						"0.1667": [30, 0, 0]
					},
					"position": [0, 0, 0]
				},
				"particle": {
					"rotation": {
						"0.0": [-90, 0, 0],
						"0.0833": [-89.63674, 1.35553, -90.09346],
						"0.1667": [-91.3701, 0.30369, -182.60139],
						"0.25": [-90.36326, -1.35553, -270.09346],
						"0.3333": [-88.64445, -0.36316, -360.10205],
						"0.4167": [-89.57795, 1.33839, -447.59283],
						"0.5": [-91.33843, 0.42194, -537.60268],
						"0.5833": [-90.36326, -1.35553, -630.09346],
						"0.6667": [-88.64445, -0.36316, -720.10205],
						"0.75": [-89.63674, 1.35553, -810.09346],
						"0.8333": [-91.33843, 0.42194, -897.60268],
						"0.9167": [-90.36326, -1.35553, -990.09346],
						"1.0": [-88.66157, -0.42194, -1077.60268]
					},
					"position": [0, 20, -40],
					"scale": [1, 1, 2.3]
				}
			},
			"particle_effects": {
				"0.0": [
					{
						"effect": "kaze_blead_particle",
						"locator": "nichirintou_hold5"
					},
					{
						"effect": "kaze_blead_particle",
						"locator": "nichirintou_hold6"
					},
					{
						"effect": "kaze_uzu_particle",
						"locator": "move_particle2"
					},
					{
						"effect": "kaze_uzu_particle",
						"locator": "nichirintou_hold3"
					},
					{
						"effect": "kaze_uzu_particle",
						"locator": "move_particle1"
					}
				]
			}
		},
		"animation.action.kaze.ni_1_third": {
			"animation_length": 0.5,
			"bones": {
				"rightArm": {
					"rotation": {
						"0.0": [-119.4312, 0.87039, -3.37477],
						"0.1667": [16.67784, 6.67067, 3.50918]
					},
					"position": [0, 0, 0]
				},
				"root": {
					"rotation": {
						"0.0": [0, 0, 0],
						"0.1667": [0, -32.5, 0]
					},
					"position": [0, 0, 0]
				},
				"body": {
					"rotation": {
						"0.0": [0, 0, 0],
						"0.1667": [0, 25, 0]
					},
					"position": [0, 0, 0]
				},
				"leftArm": {
					"rotation": {
						"0.0": [-117.46153, 46.68908, -5.96506],
						"0.1667": [-33.88519, 57.52509, 11.11459]
					},
					"position": [0, 0, 0]
				},
				"leftLeg": {
					"rotation": {
						"0.0": [0, 0, 0],
						"0.1667": [16.19895, 17.18678, -14.74859]
					},
					"position": [0, 0, 0]
				},
				"rightLeg": {
					"rotation": {
						"0.0": [0, 0, 0],
						"0.1667": [-18.80951, 31.77332, 3.22534]
					},
					"position": [0, 0, 0]
				}
			},
			"particle_effects": {
				"0.0": [
					{
						"effect": "kaze_blead_particle",
						"locator": "nichirintou_hold5"
					},
					{
						"effect": "kaze_blead_particle",
						"locator": "nichirintou_hold6"
					}
				]
			}
		},
		"animation.action.kaze.san_1_third": {
			"loop": true,
			"animation_length": 0.75,
			"bones": {
				"leftArm": {
					"rotation": {
						"0.0": [0, 0, -25],
						"0.0417": [-57.41667, 16.64965, 41.14272],
						"0.0833": [-38.73964, -10.76461, 63.14485],
						"0.25": [-32.94082, -24.06795, 44.06332],
						"0.2917": [-39.8965, -2.82506, 72.87615],
						"0.3333": [-47.3965, -2.82506, 72.87615],
						"0.4167": [-52.99795, -66.38804, 109.55585],
						"0.5417": [-57.41667, 16.64965, 41.14272],
						"0.5833": [-38.73964, -10.76461, 63.14485],
						"0.75": [-9.02021, -68.85765, -13.03933]
					}
				},
				"rightArm": {
					"rotation": {
						"0.0": [0, 0, 0],
						"0.0417": [-83.32219, -41.9621, 65.24011],
						"0.0833": [-35.82219, -41.9621, 65.24011],
						"0.125": [-118.91744, -32.41483, 131.11773],
						"0.1667": [-43.92, -32.41, 131.12],
						"0.2083": [-140.47244, 23.05723, -58.27088],
						"0.25": [-20.4943, 6.75377, -62.16694],
						"0.2917": [-142.72643, -10.83696, 94.26882],
						"0.3333": [-27.73, -10.84, 94.27],
						"0.375": [-94.82024, -17.0255, 13.61183],
						"0.4167": [20.18, -17.03, 13.61],
						"0.4583": [-113.43807, -31.45025, 119.48967],
						"0.5": [-15.93807, -31.45025, 119.48967],
						"0.5417": [-83.32219, -41.9621, 65.24011],
						"0.5833": [-35.82219, -41.9621, 65.24011],
						"0.625": [-118.91744, -32.41483, 131.11773],
						"0.6667": [-43.92, -32.41, 131.12],
						"0.7083": [-141.68606, 19.16596, -61.63753],
						"0.75": [-14.18606, 19.16596, -61.63753]
					}
				},
				"body": {
					"rotation": {
						"0.0": [0, 0, 0],
						"0.0417": [20, 0, 0]
					},
					"position": {
						"0.0": [0, 0, 0],
						"0.0417": [0, 0, -4]
					}
				},
				"leftLeg": {
					"rotation": {
						"0.0": [0, 0, 0],
						"0.0833": [22.5, 0, 0]
					}
				},
				"rightLeg": {
					"rotation": {
						"0.0": [0, 0, 0],
						"0.0833": [-20, 0, 0]
					}
				},
				"nichirintou_hold_right": {
					"rotation": {
						"0.0": [0, 0, 0],
						"0.0417": [-22.5, 0, 0],
						"0.0833": [17.5, 0, 0],
						"0.125": [-5, 0, 0],
						"0.1667": [40, 0, 0],
						"0.2083": [7.5, 0, 0],
						"0.25": [30, 0, 0],
						"0.2917": [-7.5, 0, 0],
						"0.3333": [27.5, 0, 0],
						"0.375": [-27.5, 0, 0],
						"0.4167": [-2.5, 0, 0],
						"0.5": [37.5, 0, 0],
						"0.5417": [-22.5, 0, 0],
						"0.5833": [17.5, 0, 0],
						"0.625": [-5, 0, 0],
						"0.6667": [40, 0, 0],
						"0.75": [75, 0, 0]
					},
					"position": {
						"0.0": [0, 0, 0],
						"0.0833": [0, -2, -2],
						"0.1667": [0, -3, -1],
						"0.2083": [0, -2, -3],
						"0.25": [0, -5, -3],
						"0.2917": [0, -1, -5],
						"0.3333": [0, -2, -5],
						"0.375": [0, 3, -3],
						"0.4167": [0, 0, -3],
						"0.5": [0, -4, -3],
						"0.5833": [0, -2, -2],
						"0.6667": [0, -3, -1],
						"0.75": [1, -9, -1]
					}
				}
			},
			"particle_effects": {
				"0.0": [
					{
						"effect": "kaze_blead_particle",
						"locator": "nichirintou_hold5"
					},
					{
						"effect": "kaze_blead_particle",
						"locator": "nichirintou_hold6"
					}
				]
			}
		},
		"animation.action.kaze.shi_1_third": {
			"loop": "hold_on_last_frame",
			"animation_length": 0.6667,