{
	"format_version": "1.8.0",
	"animations": {
		"animation.gatling.hold_first_person": {
			"loop": true,
			"bones": {
				"gatling": {
					"rotation": [52.43658, 59.18565, -71.90804],
					"position": [0, 21, 7]
				}
			}
		},
		"animation.gatling.hold_therd_person": {
			"loop": true,
			"bones": {
				"gatling": {
					"rotation": [90, 0, 0],
					"position": [-1, 23, 3]
				}
			}
		},
		"animation.gatling.shot_first_person": {
			"loop": true,
			"animation_length": 1,
			"bones": {
				"barrel": {
					"rotation": {
						"0.0": [0, 0, 0],
						"0.0833": [0, 0, 90],
						"0.1667": [0, 0, 180],
						"0.25": [0, 0, 270],
						"0.3333": [0, 0, 360],
						"0.4167": [0, 0, 90],
						"0.5": [0, 0, 180],
						"0.5833": [0, 0, 270],
						"0.6667": [0, 0, 360],
						"0.75": [0, 0, 90],
						"0.8333": [0, 0, 180],
						"0.9167": [0, 0, 270],
						"1.0": [0, 0, 360]
					},
					"position": [0, 0, 0]
				}
			}
		},
		"animation.gatling.shot_therd_person": {
			"loop": true,
			"animation_length": 1,
			"bones": {
				"barrel": {
					"rotation": {
						"0.0": [0, 0, 0],
						"0.0833": [0, 0, 90],
						"0.1667": [0, 0, 180],
						"0.25": [0, 0, 270],
						"0.3333": [0, 0, 360],
						"0.4167": [0, 0, 90],
						"0.5": [0, 0, 180],
						"0.5833": [0, 0, 270],
						"0.6667": [0, 0, 360],
						"0.75": [0, 0, 90],
						"0.8333": [0, 0, 180],
						"0.9167": [0, 0, 270],
						"1.0": [0, 0, 360]
					},
					"position": [0, 0, 0]
				}
			}
		}
	}
}