{
	"format_version": "1.8.0",
	"animations": {
		"animation.tuti_dragon.attack": {
			"loop": true,
			"bones": {
				"beast": {
					"rotation": ["1.0 - query.target_x_rotation", "-query.target_y_rotation", 0],
					"position": [0, 7, -40]
				},
				"body3": {
					"rotation": [-82.5, 0, 0],
					"position": [0, 48, 46]
				},
				"body4": {
					"position": [0, -28, 41]
				}
			}
		},
		"animation.tuti_dragon.mukengouzyu": {
			"loop": true,
			"animation_length": 0.75,
			"bones": {
				"beast": {
					"rotation": [0, 0, 0],
					"position": [0, 7, -40]
				},
				"body3": {
					"rotation": {
						"0.0": [-17.5, 0, 0],
						"0.0833": [-20.49807, -30.82594, 10.8448],
						"0.1667": [-30.66042, -38.22905, 18.91541],
						"0.25": [-27.38122, 49.1684, -21.39959],
						"0.3333": [-19.18246, 23.7695, -7.98205],
						"0.4167": [-20.49807, -30.82594, 10.8448],
						"0.5": [-30.66042, -38.22905, 18.91541],
						"0.5833": [-27.38122, 49.1684, -21.39959],
						"0.6667": [-19.18246, 23.7695, -7.98205],
						"0.75": [-20.49807, -30.82594, 10.8448]
					},
					"position": {
						"0.0": [0, 10, 35],
						"0.0833": [3, 6, 35],
						"0.1667": [10, 10, 33],
						"0.25": [3, 6, 31],
						"0.3333": [3, 9, 35],
						"0.4167": [3, 6, 35],
						"0.5": [10, 10, 33],
						"0.5833": [3, 6, 31],
						"0.6667": [3, 9, 35],
						"0.75": [3, 6, 35]
					}
				},
				"body4": {
					"rotation": {
						"0.0": [0, 0, 0],
						"0.0833": [0, -52.5, 0],
						"0.1667": [0, -52.5, 0],
						"0.25": [0, 67.5, 0],
						"0.3333": [0, 57.5, 0],
						"0.4167": [0, -52.5, 0],
						"0.5": [0, -52.5, 0],
						"0.5833": [0, 67.5, 0],
						"0.6667": [0, 57.5, 0],
						"0.75": [0, -52.5, 0]
					},
					"position": {
						"0.0": [0, -12, 76],
						"0.0833": [-11, -9, 76],
						"0.1667": [-9, -14.5, 70.5],
						"0.25": [35, -8, 65],
						"0.3333": [6, -8, 83],
						"0.4167": [-11, -9, 76],
						"0.5": [-9, -14.5, 70.5],
						"0.5833": [35, -8, 65],
						"0.6667": [6, -8, 83],
						"0.75": [-11, -9, 76]
					}
				},
				"dragon": {
					"rotation": {
						"0.0": [0, 0, 0],
						"0.0833": [0, 22.5, 0],
						"0.1667": [0, 47.5, 0],
						"0.25": [0, -25, 0],
						"0.3333": [0, -50, 0],
						"0.4167": [0, 22.5, 0],
						"0.5": [0, 47.5, 0],
						"0.5833": [0, -25, 0],
						"0.6667": [0, -50, 0],
						"0.75": [0, 22.5, 0]
					},
					"position": {
						"0.0": [0, -8, -25],
						"0.0833": [-22, -8, -25],
						"0.1667": [-52, -8, -25],
						"0.25": [-38, -8, -25],
						"0.3333": [30, -8, -25],
						"0.4167": [16, -8, -25],
						"0.5": [-17, -8, -25],
						"0.5833": [-38, -8, -25],
						"0.6667": [30, -8, -25],
						"0.75": [16, -8, -25]
					}
				},
				"body2": {
					"rotation": {
						"0.0": [0, 0, 0],
						"0.0833": [0, -15, 0],
						"0.1667": [0, -17.5, 0],
						"0.25": [0, 40, 0],
						"0.3333": [0, 22.5, 0],
						"0.4167": [0, -15, 0],
						"0.5": [0, -17.5, 0],
						"0.5833": [0, 40, 0],
						"0.6667": [0, 22.5, 0],
						"0.75": [0, -15, 0]
					},
					"position": {
						"0.0": [0, 0, 0],
						"0.0833": [5, 0, 0],
						"0.1667": [9, 0, 0.5],
						"0.25": [-19, 0, 1],
						"0.3333": [-12, 0, 1],
						"0.4167": [5, 0, 0],
						"0.5": [9, 0, 0.5],
						"0.5833": [-19, 0, 1],
						"0.6667": [-12, 0, 1],
						"0.75": [5, 0, 0]
					}
				},
				"dragon2": {
					"rotation": {
						"0.0": [0, -25, 0],
						"0.0833": [0, -50, 0],
						"0.1667": [0, 22.5, 0],
						"0.25": [0, 47.5, 0],
						"0.3333": [0, -25, 0],
						"0.4167": [0, -50, 0],
						"0.5": [0, 22.5, 0],
						"0.5833": [0, 0, 0],
						"0.6667": [0, 22.5, 0],
						"0.75": [0, 47.5, 0]
					},
					"position": {
						"0.0": [-52, -8, -25],
						"0.0833": [10, -8, -25],
						"0.1667": [-8, -8, -25],
						"0.25": [-64, -8, -25],
						"0.3333": [-45, -8, -25],
						"0.4167": [5, -8, -25],
						"0.5": [-8, -8, -25],
						"0.5833": [-40, -8, -25],
						"0.6667": [-54, -8, -25],
						"0.75": [-77, -8, -25]
					}
				},
				"body6": {
					"rotation": {
						"0.0": [0, 40, 0],
						"0.0833": [0, 22.5, 0],
						"0.1667": [0, -15, 0],
						"0.25": [0, -17.5, 0],
						"0.3333": [0, 40, 0],
						"0.4167": [0, 22.5, 0],
						"0.5": [0, -15, 0],
						"0.5833": [0, 0, 0],
						"0.6667": [0, -15, 0],
						"0.75": [0, -17.5, 0]
					},
					"position": {
						"0.0": [-19, 0, 1],
						"0.0833": [-12, 0, 1],
						"0.1667": [5, 0, 0],
						"0.25": [9, 0, 0.5],
						"0.3333": [-19, 0, 1],
						"0.4167": [-12, 0, 1],
						"0.5": [5, 0, 0],
						"0.5833": [0, 0, 0],
						"0.6667": [5, 0, 0],
						"0.75": [9, 0, 0.5]
					}
				},
				"body7": {
					"rotation": {
						"0.0": [-27.38122, 49.1684, -21.39959],
						"0.0833": [-19.18246, 23.7695, -7.98205],
						"0.1667": [-20.49807, -30.82594, 10.8448],
						"0.25": [-30.66042, -38.22905, 18.91541],
						"0.3333": [-27.38122, 49.1684, -21.39959],
						"0.4167": [-19.18246, 23.7695, -7.98205],
						"0.5": [-20.49807, -30.82594, 10.8448],
						"0.5833": [-17.5, 0, 0],
						"0.6667": [-20.49807, -30.82594, 10.8448],
						"0.75": [-30.66042, -38.22905, 18.91541]
					},
					"position": {
						"0.0": [3, 6, 31],
						"0.0833": [3, 9, 35],
						"0.1667": [3, 6, 35],
						"0.25": [10, 10, 33],
						"0.3333": [3, 6, 31],
						"0.4167": [3, 9, 35],
						"0.5": [3, 6, 35],
						"0.5833": [0, 10, 35],
						"0.6667": [3, 6, 35],
						"0.75": [10, 10, 33]
					}
				},
				"body8": {
					"rotation": {
						"0.0": [0, 67.5, 0],
						"0.0833": [0, 57.5, 0],
						"0.1667": [0, -52.5, 0],
						"0.25": [0, -52.5, 0],
						"0.3333": [0, 67.5, 0],
						"0.4167": [0, 57.5, 0],
						"0.5": [0, -52.5, 0],
						"0.5833": [0, 0, 0],
						"0.6667": [0, -52.5, 0],
						"0.75": [0, -52.5, 0]
					},
					"position": {
						"0.0": [35, -8, 65],
						"0.0833": [6, -8, 83],
						"0.1667": [-11, -9, 76],
						"0.25": [-9, -14.5, 70.5],
						"0.3333": [35, -8, 65],
						"0.4167": [6, -8, 83],
						"0.5": [-11, -9, 76],
						"0.5833": [0, -12, 76],
						"0.6667": [-11, -9, 76],
						"0.75": [-9, -14.5, 70.5]
					}
				},
				"dragon3": {
					"rotation": {
						"0.0": [0, 47.5, 0],
						"0.0833": [0, -25, 0],
						"0.1667": [0, -50, 0],
						"0.25": [0, 22.5, 0],
						"0.3333": [0, 0, 0],
						"0.4167": [0, -25, 0],
						"0.5": [0, -50, 0],
						"0.5833": [0, 22.5, 0],
						"0.6667": [0, 22.5, 0],
						"0.75": [0, 47.5, 0]
					},
					"position": {
						"0.0": [-14, -8, -25],
						"0.0833": [13, -8, -25],
						"0.1667": [27, -8, -25],
						"0.25": [43, -8, -25],
						"0.3333": [11, -8, -25],
						"0.4167": [13, -8, -25],
						"0.5": [88, -8, -25],
						"0.5833": [86, -8, -25],
						"0.6667": [55, -8, -25],
						"0.75": [52, -8, -25]
					}
				},
				"body10": {
					"rotation": {
						"0.0": [0, -17.5, 0],
						"0.0833": [0, 40, 0],
						"0.1667": [0, 22.5, 0],
						"0.25": [0, -15, 0],
						"0.3333": [0, 0, 0],
						"0.4167": [0, 40, 0],
						"0.5": [0, 22.5, 0],
						"0.5833": [0, -15, 0],
						"0.6667": [0, -15, 0],
						"0.75": [0, -17.5, 0]
					},
					"position": {
						"0.0": [9, 0, 0.5],
						"0.0833": [-19, 0, 1],
						"0.1667": [-12, 0, 1],
						"0.25": [5, 0, 0],
						"0.3333": [0, 0, 0],
						"0.4167": [-19, 0, 1],
						"0.5": [-12, 0, 1],
						"0.5833": [5, 0, 0],
						"0.6667": [5, 0, 0],
						"0.75": [9, 0, 0.5]
					}
				},
				"body11": {
					"rotation": {
						"0.0": [-30.66042, -38.22905, 18.91541],
						"0.0833": [-27.38122, 49.1684, -21.39959],
						"0.1667": [-19.18246, 23.7695, -7.98205],
						"0.25": [-20.49807, -30.82594, 10.8448],
						"0.3333": [-17.5, 0, 0],
						"0.4167": [-27.38122, 49.1684, -21.39959],
						"0.5": [-19.18246, 23.7695, -7.98205],
						"0.5833": [-20.49807, -30.82594, 10.8448],
						"0.6667": [-20.49807, -30.82594, 10.8448],
						"0.75": [-30.66042, -38.22905, 18.91541]
					},
					"position": {
						"0.0": [10, 10, 33],
						"0.0833": [3, 6, 31],
						"0.1667": [3, 9, 35],