{
	"format_version": "1.8.0",
	"animations": {
		"animation.gomugomu2_armed.snake_shot": {
			"loop": "hold_on_last_frame",
			"animation_length": 0.125,
			"bones": {
				"leftArm": {
					"rotation": [-72.28638, -6.49053, -3.76613],
					"position": [0, 0, 0],
					"scale": [1, 1, 1]
				},
				"rightArm": {
					"rotation": {
						"0.0417": [87.41193, 14.98539, 179.33037],
						"0.125": [-89.99582, 2.49298, 0.10932]
					},
					"position": {
						"0.0417": [-1, 0, 1],
						"0.125": [-1, 0, -22]
					},
					"scale": {
						"0.0417": [1, 1, 1],
						"0.125": [1, 10, 1]
					}
				},
				"rightArm_armed": {
					"rotation": [0, 0, 0],
					"position": [0, 0, 0],
					"scale": [1, 1, 1]
				}
			},
			"particle_effects": {
				"0.125": {
					"effect": "gomugomu_attack",
					"locator": "lead_hold"
				}
			}
		},
		"animation.gomugomu2_armed.red_hawk": {
			"loop": "hold_on_last_frame",
			"animation_length": 0.08333,
			"bones": {
				"leftArm": {
					"rotation": [-72.28638, -6.49053, -3.76613],
					"position": [0, 0, 0],
					"scale": [1, 1, 1]
				},
				"rightArm": {
					"rotation": {
						"0.0": [87.41193, 14.98539, 179.33037],
						"0.0833": [94.91193, 14.98539, 179.33037]
					},
					"position": {
						"0.0": [-1, 0, 0],
						"0.0833": [-7, -1, 20]
					},
					"scale": {
						"0.0": [1, 1, 1],
						"0.0833": [1, 10, 1]
					}
				},
				"rightArm_armed": {
					"rotation": [0, 0, 0],
					"position": [0, 0, 0],
					"scale": [1, 1, 1]
				}
			}
		},
		"animation.gomugomu2_armed.red_hawk_attack": {
			"loop": "hold_on_last_frame",
			"animation_length": 0.1667,
			"bones": {
				"leftArm": {
					"rotation": [-72.28638, -6.49053, -3.76613],
					"position": [0, 0, 0],
					"scale": [1, 1, 1]
				},
				"rightArm": {
					"rotation": {
						"0.0": [87.4119, 14.98539, 179.33037],
						"0.0417": [87.41193, 14.98539, 179.33037],
						"0.0833": [-89.99582, 2.49298, 0.10932]
					},
					"position": {
						"0.0": [-7, 0, 21],
						"0.0417": [-1, 0, 1],
						"0.0833": [-1, 0, -6]
					},
					"scale": {
						"0.0": [1, 10, 1],
						"0.0417": [1, 1, 1],
						"0.0833": [1, 2.4, 1]
					}
				}
			},
			"particle_effects": {
				"0.0": {
					"effect": "hiken_gun",
					"locator": "lead_hold"
				}
			}
		},
		"animation.gomugomu2_armed.hawk_whip": {
			"loop": "hold_on_last_frame",
			"animation_length": 0.08333,
			"bones": {
				"body": {
					"rotation": {
						"0.0": [0, 0, 0],
						"0.0833": [53.59949, 32.92753, 36.40051]
					},
					"position": {
						"0.0": [0, 0, 0],
						"0.0833": [0, -2, -7]
					}
				},
				"rightLeg": {
					"rotation": {
						"0.0": [0, 0, 0],
						"0.0833": [90, 0, 82.5]
					},
					"position": {
						"0.0": [0, 0, 0],
						"0.0833": [0, 2, 4]
					},
					"scale": {
						"0.0": [1, 1, 1],
						"0.0833": [1, 10, 1]
					}
				},
				"leftArm": {
					"rotation": {
						"0.0": [0, 0, 0],
						"0.0833": [16.93839, 4.46375, -31.83501]
					},
					"position": [0, 0, 0]
				},
				"rightArm": {
					"rotation": {
						"0.0": [0, 0, 0],
						"0.0833": [-62.26879, 24.73906, 12.40748]
					},
					"position": [0, 0, 0]
				},
				"rightArm_armed": {
					"scale": [0, 0, 0]
				}
			}
		},
		"animation.gomugomu2_armed.hawk_whip_attack": {
			"loop": "hold_on_last_frame",
			"animation_length": 0.08333,
			"bones": {
				"body": {
					"rotation": {
						"0.0": [53.59949, 32.92753, 36.40051],
						"0.0833": [27.96648, -25.0493, -6.55829]
					},
					"position": {
						"0.0": [0, -2, -7],
						"0.0833": [1, -1, -6]
					}
				},
				"rightLeg": {
					"rotation": {
						"0.0": [90, 0, 82.5],
						"0.0833": [-99.64233, 4.59902, 91.38927]
					},
					"position": {
						"0.0": [0, 2, 4],
						"0.0833": [-2, 0, -3]
					},
					"scale": [1, 10, 1]
				},
				"leftArm": {
					"rotation": [16.93839, 4.46375, -31.83501]
				}
			}
		},
		"animation.gomugomu2_armed.hawk_gatling": {
			"loop": true,
			"animation_length": 0.18,
			"bones": {
				"leftArm": {
					"rotation": {
						"0.0": [-87.5, 0, 0],
						"0.02": [-87.5, 0, 0],
						"0.04": [-87.5, 0, 0],
						"0.06": [-87.5, 0, 0],
						"0.08": [-87.5, 0, 0],
						"0.1": [-87.5, 0, 0],
						"0.12": [-87.5, 0, 0],
						"0.14": [-87.5, 0, 0],
						"0.16": [-87.5, 0, 0],
						"0.18": [-87.5, 0, 0]
					},
					"position": {
						"0.0": [0, 0, 0],
						"0.02": [14, -4, 0],
						"0.04": [12, 6, 0],
						"0.06": [3, 9, 0],
						"0.08": [8, 0, 0],
						"0.1": [0, -15, 0],
						"0.12": [16, -15, 0],
						"0.14": [20, -7, 0],
						"0.16": [5, -8, 0],
						"0.18": [19, 1, 0]
					}
				},
				"rightArm": {
					"rotation": {
						"0.0": [-87.5, 0, 0],
						"0.02": [-87.5, 0, 0],
						"0.04": [-87.5, 0, 0],
						"0.06": [-87.5, 0, 0],
						"0.08": [-87.5, 0, 0],
						"0.1": [-87.5, 0, 0],
						"0.12": [-87.5, 0, 0],
						"0.14": [-87.5, 0, 0],
						"0.16": [-87.5, 0, 0],
						"0.18": [-87.5, 0, 0]
					},
					"position": {
						"0.0": [0, 0, 0],
						"0.02": [-8, 6, 0],
						"0.04": [-15, -6, 0],
						"0.06": [-2, -13, 0],
						"0.08": [-15, -16, 0],
						"0.1": [-19, -1, 0],
						"0.12": [-8, 0, 0],
						"0.14": [-2, 13, 0],
						"0.16": [-5, -7, 0],
						"0.18": [-14, 9, 0]
					}
				}
			}
		},
		"animation.gomugomu2_armed.hawk_gatling_attack": {
			"loop": true,
			"animation_length": 0.18,
			"bones": {
				"leftArm": {
					"rotation": {
						"0.0": [-87.5, 0, 0],
						"0.02": [-87.5, 0, 0],
						"0.04": [-87.5, 0, 0],
						"0.06": [-87.5, 0, 0],
						"0.08": [-87.5, 0, 0],
						"0.1": [-87.5, 0, 0],
						"0.12": [-87.5, 0, 0],
						"0.14": [-87.5, 0, 0],
						"0.16": [-87.5, 0, 0],
						"0.18": [-87.5, 0, 0]
					},
					"position": {
						"0.0": [0, 0, -22],
						"0.02": [14, -4, -22],
						"0.04": [12, 6, -22],
						"0.06": [3, 9, -22],
						"0.08": [8, 0, -22],
						"0.1": [0, -15, -22],
						"0.12": [16, -15, -22],
						"0.14": [20, -7, -22],
						"0.16": [5, -8, -22],
						"0.18": [19, 1, -22]
					},
					"scale": {
						"0.0": [1, 1, 1],
						"0.02": [1, 10, 1],
						"0.04": [1, 1, 1],
						"0.06": [1, 10, 1],
						"0.08": [1, 1, 1],
						"0.1": [1, 10, 1],
						"0.12": [1, 1, 1],
						"0.14": [1, 10, 1],
						"0.16": [1, 1, 1],
						"0.18": [1, 10, 1]
					}
				},
				"rightArm": {
					"rotation": {
						"0.0": [-87.5, 0, 0],
						"0.02": [-87.5, 0, 0],
						"0.04": [-87.5, 0, 0],
						"0.06": [-87.5, 0, 0],
						"0.08": [-87.5, 0, 0],
						"0.1": [-87.5, 0, 0],
						"0.12": [-87.5, 0, 0],
						"0.14": [-87.5, 0, 0],
						"0.16": [-87.5, 0, 0],
						"0.18": [-87.5, 0, 0]
					},
					"position": {
						"0.0": [0, 0, -22],
						"0.02": [-8, 6, -22],
						"0.04": [-15, -6, -22],
						"0.06": [-2, -13, -22],
						"0.08": [-15, -16, -22],
						"0.1": [-19, -1, -23],
						"0.12": [-8, 0, -22],
						"0.14": [-2, 13, -22],
						"0.16": [-5, -7, -22],
						"0.18": [-14, 9, -22]
					},
					"scale": {
						"0.0": [1, 1, 1],
						"0.02": [1, 1, 1],
						"0.04": [1, 10, 1],
						"0.06": [1, 1, 1],
						"0.08": [1, 10, 1],
						"0.1": [1, 1, 1],
						"0.12": [1, 10, 1],
						"0.14": [1, 1, 1],
						"0.16": [1, 10, 1],
						"0.18": [1, 1, 1]
					}
				}
			}
		},
		"animation.gomugomu2_armed.eagle_bazooka": {
			"loop": "hold_on_last_frame",
			"animation_length": 0.125,
			"bones": {
				"leftLeg": {
					"rotation": {
						"0.0": [0, 0, 0],
						"0.125": [25, 0, 0]
					},
					"position": {
						"0.0": [0, 0, 0],
						"0.125": [0, 0, 0]
					}
				},
				"rightLeg": {
					"rotation": {
						"0.0": [0, 0, 0],
						"0.125": [25, 0, 0]
					},
					"position": {
						"0.0": [0, 0, 0],
						"0.125": [0, 0, 0]
					}
				},
				"leftArm": {
					"rotation": {
						"0.0": [0, 0, 0],
						"0.0625": [91.23923, 3.74641, -0.16451],
						"0.125": [87.47846, 7.49282, -0.32902]
					},
					"position": {
						"0.0": [0, 0, 0],
						"0.125": [3, -2, 31]
					},
					"scale": {
						"0.0": [1, 1, 1],