{
	"format_version": "1.8.0",
	"animations": {
		"animation.gomugomu3_armed.elephant_gun": {
			"loop": "hold_on_last_frame",
			"animation_length": 0.08333,
			"bones": {
				"leftArm": {
					"rotation": [-72.28638, -6.49053, -3.76613],
					"position": [0, 0, 0],
					"scale": [1, 1, 1]
				},
				"rightArm": {
					"rotation": {
						"0.0": [87.41193, 14.98539, 179.33037],
						"0.0833": [94.91193, 14.98539, 179.33037]
					},
					"position": {
						"0.0": [-1, 0, 0],
						"0.0833": [-7, -1, 20]
					},
					"scale": {
						"0.0": [1, 1, 1],
						"0.0833": [1, 10, 1]
					}
				},
				"right_armed": {
					"position": [0, -6, 0],
					"scale": [7.9, 0.2, 7]
				}
			}
		},
		"animation.gomugomu3_armed.elephant_gun_attack": {
			"loop": "hold_on_last_frame",
			"animation_length": 0.1667,
			"bones": {
				"leftArm": {
					"rotation": [-72.28638, -6.49053, -3.76613],
					"position": [0, 0, 0],
					"scale": [1, 1, 1]
				},
				"rightArm": {
					"rotation": {
						"0.0": [87.4119, 14.98539, 179.33037],
						"0.0417": [87.41193, 14.98539, 179.33037],
						"0.0833": [-89.99582, 2.49298, 0.10932]
					},
					"position": {
						"0.0": [-7, 0, 21],
						"0.0417": [-1, 0, 1],
						"0.0833": [-1, 0, -22]
					},
					"scale": {
						"0.0": [1, 10, 1],
						"0.0417": [1, 1, 1],
						"0.0833": [1, 10, 1]
					}
				},
				"right_armed": {
					"position": {
						"0.0": [0, -6, 0],
						"0.0833": [0, -7, 0]
					},
					"scale": {
						"0.0": [7.9, 0.2, 7],
						"0.0417": [7.9, 2.5, 7],
						"0.0833": [9.9, 0.4, 8.6]
					}
				}
			},
			"particle_effects": {
				"0.1667": {
					"effect": "gomugomu_attack",
					"locator": "lead_hold"
				}
			}
		},
		"animation.gomugomu3_armed.tall_elephant_gun": {
			"loop": "hold_on_last_frame",
			"animation_length": 0.08333,
			"bones": {
				"leftArm": {
					"rotation": [-72.28638, -6.49053, -3.76613],
					"position": [0, 0, 0],
					"scale": [1, 1, 1]
				},
				"rightArm": {
					"rotation": {
						"0.0": [87.41193, 14.98539, 179.33037],
						"0.0833": [9.91193, 14.98539, 179.33037]
					},
					"position": {
						"0.0": [-1, 0, 0],
						"0.0833": [-3, 20, 3]
					},
					"scale": {
						"0.0": [1, 1, 1],
						"0.0833": [1, 10, 1]
					}
				},
				"right_armed": {
					"position": [0, -8, 0],
					"scale": [8.9, 0.3, 9.7]
				}
			}
		},
		"animation.gomugomu3_armed.tall_elephant_gun_attack": {
			"loop": "hold_on_last_frame",
			"animation_length": 0.1667,
			"bones": {
				"leftArm": {
					"rotation": [-72.28638, -6.49053, -3.76613],
					"position": [0, 0, 0],
					"scale": [1, 1, 1]
				},
				"rightArm": {
					"rotation": {
						"0.0": [9.91193, 14.98539, 179.33037],
						"0.1667": [9.91, 14.99, 179.33]
					},
					"position": {
						"0.0": [-3, 20, 3],
						"0.1667": [0, -25, -6]
					},
					"scale": {
						"0.0": [1, 10, 1],
						"0.0833": [1, -1.3, 1],
						"0.1667": [1, -12.9, 1]
					}
				},
				"right_armed": {
					"position": {
						"0.0": [0, -8, 0],
						"0.1667": [0, -9, 0]
					},
					"scale": {
						"0.0": [8.9, 0.3, 9.7],
						"0.0833": [8.9, -2, 9.7],
						"0.1667": [8.9, -0.3, 9.7]
					}
				}
			},
			"particle_effects": {
				"0.1667": {
					"effect": "gomugomu_attack",
					"locator": "lead_hold"
				}
			}
		},
		"animation.gomugomu3_armed.elephant_gatling": {
			"loop": true,
			"animation_length": 0.18,
			"bones": {
				"leftArm": {
					"rotation": {
						"0.0": [-87.5, 0, 0],
						"0.02": [-87.5, 0, 0],
						"0.04": [-87.5, 0, 0],
						"0.06": [-87.5, 0, 0],
						"0.08": [-87.5, 0, 0],
						"0.1": [-87.5, 0, 0],
						"0.12": [-87.5, 0, 0],
						"0.14": [-87.5, 0, 0],
						"0.16": [-87.5, 0, 0],
						"0.18": [-87.5, 0, 0]
					},
					"position": {
						"0.0": [0, 0, 0],
						"0.02": [14, -4, 0],
						"0.04": [12, 6, 0],
						"0.06": [3, 9, 0],
						"0.08": [8, 0, 0],
						"0.1": [0, -15, 0],
						"0.12": [16, -15, 0],
						"0.14": [20, -7, 0],
						"0.16": [5, -8, 0],
						"0.18": [19, 1, 0]
					}
				},
				"rightArm": {
					"rotation": {
						"0.0": [-87.5, 0, 0],
						"0.02": [-87.5, 0, 0],
						"0.04": [-87.5, 0, 0],
						"0.06": [-87.5, 0, 0],
						"0.08": [-87.5, 0, 0],
						"0.1": [-87.5, 0, 0],
						"0.12": [-87.5, 0, 0],
						"0.14": [-87.5, 0, 0],
						"0.16": [-87.5, 0, 0],
						"0.18": [-87.5, 0, 0]
					},
					"position": {
						"0.0": [0, 0, 0],
						"0.02": [-8, 6, 0],
						"0.04": [-15, -6, 0],
						"0.06": [-2, -13, 0],
						"0.08": [-15, -16, 0],
						"0.1": [-19, -1, 0],
						"0.12": [-8, 0, 0],
						"0.14": [-2, 13, 0],
						"0.16": [-5, -7, 0],
						"0.18": [-14, 9, 0]
					}
				},
				"left_armed": {
					"position": [0, -6, 0],
					"scale": [4, 1.5, 4]
				},
				"right_armed": {
					"position": [0, -6, 0],
					"scale": [4, 1.5, 4]
				}
			}
		},
		"animation.gomugomu3_armed.elephant_gatling_attack": {
			"loop": true,
			"animation_length": 0.18,
			"bones": {
				"leftArm": {
					"rotation": {
						"0.0": [-87.5, 0, 0],
						"0.02": [-87.5, 0, 0],
						"0.04": [-87.5, 0, 0],
						"0.06": [-87.5, 0, 0],
						"0.08": [-87.5, 0, 0],
						"0.1": [-87.5, 0, 0],
						"0.12": [-87.5, 0, 0],
						"0.14": [-87.5, 0, 0],
						"0.16": [-87.5, 0, 0],
						"0.18": [-87.5, 0, 0]
					},
					"position": {
						"0.0": [0, 0, -22],
						"0.02": [14, -4, -22],
						"0.04": [12, 6, -22],
						"0.06": [3, 9, -22],
						"0.08": [8, 0, -22],
						"0.1": [0, -15, -22],
						"0.12": [16, -15, -22],
						"0.14": [20, -7, -22],
						"0.16": [5, -8, -22],
						"0.18": [19, 1, -22]
					},
					"scale": {
						"0.0": [1, 1, 1],
						"0.02": [1, 10, 1],
						"0.04": [1, 1, 1],
						"0.06": [1, 10, 1],
						"0.08": [1, 1, 1],
						"0.1": [1, 10, 1],
						"0.12": [1, 1, 1],
						"0.14": [1, 10, 1],
						"0.16": [1, 1, 1],
						"0.18": [1, 10, 1]
					}
				},
				"rightArm": {
					"rotation": {
						"0.0": [-87.5, 0, 0],
						"0.02": [-87.5, 0, 0],
						"0.04": [-87.5, 0, 0],
						"0.06": [-87.5, 0, 0],
						"0.08": [-87.5, 0, 0],
						"0.1": [-87.5, 0, 0],
						"0.12": [-87.5, 0, 0],
						"0.14": [-87.5, 0, 0],
						"0.16": [-87.5, 0, 0],
						"0.18": [-87.5, 0, 0]
					},
					"position": {
						"0.0": [0, 0, -22],
						"0.02": [-8, 6, -22],
						"0.04": [-15, -6, -22],
						"0.06": [-2, -13, -22],
						"0.08": [-15, -16, -22],
						"0.1": [-19, -1, -23],
						"0.12": [-8, 0, -22],
						"0.14": [-2, 13, -22],
						"0.16": [-5, -7, -22],
						"0.18": [-14, 9, -22]
					},
					"scale": {
						"0.0": [1, 1, 1],
						"0.02": [1, 1, 1],
						"0.04": [1, 10, 1],
						"0.06": [1, 1, 1],
						"0.08": [1, 10, 1],
						"0.1": [1, 1, 1],
						"0.12": [1, 10, 1],
						"0.14": [1, 1, 1],
						"0.16": [1, 10, 1],
						"0.18": [1, 1, 1]
					}
				},
				"left_armed": {
					"position": {
						"0.0": [0, -6, 0],
						"0.02": [0, -16, 0],
						"0.04": [0, -19, 0],
						"0.06": [0, -16, 0],
						"0.08": [0, -19, 0],
						"0.1": [0, -15, 0],
						"0.12": [0, -19, 0],
						"0.14": [0, -14, 0],
						"0.16": [0, -19, 0],
						"0.18": [0, -13, 0]
					},
					"scale": {
						"0.0": [4, 1.5, 4],
						"0.02": [8, 0.3, 8],
						"0.04": [4, 1.5, 4],
						"0.06": [8, 0.3, 8],
						"0.08": [4, 1.5, 4],
						"0.1": [8, 0.3, 8],
						"0.12": [4, 1.5, 4],
						"0.14": [8, 0.3, 8],
						"0.16": [4, 1.5, 4],
						"0.18": [8, 0.3, 8]
					}
				},
				"right_armed": {
					"position": {
						"0.0": [0, -6, 0],
						"0.02": [0, -6, 0],
						"0.04": [0, -15, 0],
						"0.06": [0, -16, 0],
						"0.08": [0, -15, 0],
						"0.1": [0, -16, 0],
						"0.12": [0, -15, 0],
						"0.14": [0, -16, 0],
						"0.16": [0, -13, 0],
						"0.18": [0, -16, 0]
					},
					"scale": {
						"0.0": [4, 1.5, 4],
						"0.02": [4, 1.5, 4],
						"0.04": [8, 0.3, 8],
						"0.06": [4, 1.5, 4],
						"0.08": [8, 0.3, 8],
						"0.1": [4, 1.5, 4],
						"0.12": [8, 0.3, 8],
						"0.14": [4, 1.5, 4],
						"0.16": [8, 0.3, 8],