{
	"format_version": "1.8.0",
	"animations": {
		"animation.sickle.spirit": {
			"loop": true,
			"animation_length": 0.16667,
			"bones": {
				"sickle": {
					"rotation": {
						"0.0": [0, 0, -90],
						"0.0417": [90, 2.5, -87.5],
						"0.0833": [180, 0, -85],
						"0.125": [270.10912, -2.49762, -87.50238]
					},
					"position": {
						"0.0": [7, 0, 5],
						"0.0417": [-5, 0, 7],
						"0.0833": [-7, 0, -5],
						"0.125": [5, 0, -7]
					},
					"scale": [0.5, 0.5, 0.5]
				}
			}
		}
	}
}