{
	"format_version": "1.8.0",
	"animations": {
		"animation.nichirintou.kaminari.ichi_1_first": {
			"animation_length": 3,
			"bones": {
				"nichirintou": {
					"rotation": {
						"0.0": [0, 0, 0],
						"0.2083": [15.37906, -85.2161, 8.7939]
					},
					"position": {
						"0.0": [0, 0, 0],
						"0.2083": [-1, 5, -10]
					}
				}
			}
		},
		"animation.nichirintou.kaminari.ichi_roku_first": {
			"animation_length": 3,
			"bones": {
				"nichirintou": {
					"rotation": [15.37906, -85.2161, 8.7939],
					"position": [-1, 5, -10]
				}
			}
		},
		"animation.nichirintou.kaminari.ichi_hati_first": {
			"animation_length": 3,
			"bones": {
				"nichirintou": {
					"rotation": [15.37906, -85.2161, 8.7939],
					"position": [-1, 5, -10]
				}
			}
		},
		"animation.nichirintou.kaminari.ichi_shinsoku_first": {
			"animation_length": 3,
			"bones": {
				"nichirintou": {
					"rotation": [15.37906, -85.2161, 8.7939],
					"position": [-1, 5, -10]
				}
			}
		},
		"animation.nichirintou.kaminari.shiti_first": {
			"loop": "hold_on_last_frame",
			"bones": {
				"nichirintou": {
					"rotation": [15.37906, -85.2161, 8.7939],
					"position": [-1, 5, -10]
				}
			}
		},
		"animation.nichirintou.kaminari.ichi_2_first": {
			"loop": "hold_on_last_frame",
			"animation_length": 0.5,
			"bones": {
				"nichirintou": {
					"rotation": {
						"0.0": [-2.12094, -85.2161, 8.7939],
						"0.0833": [125.04364, -91.16218, 6.22989]
					},
					"position": {
						"0.0": [-1, 5, -10],
						"0.0833": [-5, -1, 3]
					}
				}
			}
		},
		"animation.nichirintou.kaminari.ichi_roku_2_first": {
			"loop": "hold_on_last_frame",
			"animation_length": 3,
			"bones": {
				"nichirintou": {
					"rotation": {
						"0.25": [15.37906, -85.2161, 8.7939],
						"0.375": [105.04364, -91.16218, 6.22989],
						"0.6667": [15.37906, -85.2161, 8.7939],
						"0.7917": [105.04364, -91.16218, 6.22989],
						"1.0833": [15.37906, -85.2161, 8.7939],
						"1.2083": [105.04364, -91.16218, 6.22989],
						"1.5": [15.37906, -85.2161, 8.7939],
						"1.625": [105.04364, -91.16218, 6.22989],
						"1.9167": [15.37906, -85.2161, 8.7939],
						"2.0417": [105.04364, -91.16218, 6.22989],
						"2.3333": [15.37906, -85.2161, 8.7939],
						"2.4583": [105.04364, -91.16218, 6.22989]
					},
					"position": {
						"0.25": [-1, 5, -10],
						"0.375": [-4, 3, -3],
						"0.6667": [-1, 5, -10],
						"0.7917": [-4, 3, -3],
						"1.0833": [-1, 5, -10],
						"1.2083": [-4, 3, -3],
						"1.5": [-1, 5, -10],
						"1.625": [-4, 3, -3],
						"1.9167": [-1, 5, -10],
						"2.0417": [-4, 3, -3],
						"2.3333": [-1, 5, -10],
						"2.4583": [-4, 3, -3]
					}
				}
			}
		},
		"animation.nichirintou.kaminari.ichi_hati_2_first": {
			"loop": "hold_on_last_frame",
			"animation_length": 3.5,
			"bones": {
				"nichirintou": {
					"rotation": {
						"0.25": [15.37906, -85.2161, 8.7939],
						"0.375": [105.04364, -91.16218, 6.22989],
						"0.6667": [15.37906, -85.2161, 8.7939],
						"0.7917": [105.04364, -91.16218, 6.22989],
						"1.0833": [15.37906, -85.2161, 8.7939],
						"1.2083": [105.04364, -91.16218, 6.22989],
						"1.5": [15.37906, -85.2161, 8.7939],
						"1.625": [105.04364, -91.16218, 6.22989],
						"1.9167": [15.37906, -85.2161, 8.7939],
						"2.0417": [105.04364, -91.16218, 6.22989],
						"2.3333": [15.37906, -85.2161, 8.7939],
						"2.4583": [105.04364, -91.16218, 6.22989],
						"2.75": [15.37906, -85.2161, 8.7939],
						"2.875": [105.04364, -91.16218, 6.22989],
						"3.1667": [15.37906, -85.2161, 8.7939],
						"3.2917": [105.04364, -91.16218, 6.22989]
					},
					"position": {
						"0.25": [-1, 5, -10],
						"0.375": [-4, 3, -3],
						"0.6667": [-1, 5, -10],
						"0.7917": [-4, 3, -3],
						"1.0833": [-1, 5, -10],
						"1.2083": [-4, 3, -3],
						"1.5": [-1, 5, -10],
						"1.625": [-4, 3, -3],
						"1.9167": [-1, 5, -10],
						"2.0417": [-4, 3, -3],
						"2.3333": [-1, 5, -10],
						"2.4583": [-4, 3, -3],
						"2.75": [-1, 5, -10],
						"2.875": [-4, 3, -3],
						"3.1667": [-1, 5, -10],
						"3.2917": [-4, 3, -3]
					}
				}
			}
		},
		"animation.nichirintou.kaminari.shi_1_first": {
			"loop": "hold_on_last_frame",
			"bones": {
				"nichirintou": {
					"rotation": [70, 0, 0],
					"position": [-2, -1, -3]
				}
			}
		},
		"animation.nichirintou.kaminari.shi_2_first": {
			"loop": "hold_on_last_frame",
			"animation_length": 1,
			"bones": {
				"nichirintou": {
					"rotation": [70, 0, 0],
					"position": {
						"0.0": [-2, -1, -3],
						"0.125": [10, -14, -4]
					}
				}
			}
		},
		"animation.nichirintou.kaminari.shi_1_third": {
			"loop": "hold_on_last_frame",
			"animation_length": 0.0833,
			"bones": {
				"nichirintou": {
					"rotation": {
						"0.0": [0, 0, 0],
						"0.0833": [0, -30, -90]
					},
					"position": [0, 0, 0]
				}
			}
		},
		"animation.nichirintou.kaminari.shi_2_third": {
			"loop": "hold_on_last_frame",
			"animation_length": 1,
			"bones": {
				"nichirintou": {
					"rotation": {
						"0.0": [0, 5, -90],
						"0.0833": [0, 80, -90]
					}
				}
			}
		}
	}
}