{
	"format_version": "1.8.0",
	"animations": {
		"animation.nichirintou.kedamono.ichi_1_third": {
			"animation_length": 0.75,
			"bones": {
				"nichirinto_left": {
					"rotation": {
						"0.0": [-40, 0, 0],
						"0.1667": [-40, 0, 0],
						"0.3333": [95, 0, 0]
					},
					"position": {
						"0.0": [0, 0, 0],
						"0.1667": [0, 0, 0],
						"0.3333": [0, -4, 0]
					}
				},
				"nichirinto_right": {
					"rotation": {
						"0.0": [-40, 0, 0],
						"0.1667": [-40, 0, 0],
						"0.3333": [95, 0, 0]
					},
					"position": {
						"0.0": [0, 0, 0],
						"0.1667": [0, 0, 0],
						"0.3333": [0, -4, 0]
					}
				}
			}
		},
		"animation.nichirintou.kedamono.ichi_1_first": {
			"animation_length": 0.5,
			"bones": {
				"nichirinto_left": {
					"rotation": [70, 0, 0],
					"position": {
						"0.0": [-2, 2, -4],
						"0.125": [10, -14, -5]
					}
				},
				"nichirinto_right": {
					"rotation": [70, 0, 0],
					"position": {
						"0.0": [7, 0, 1],
						"0.125": [20, -14, 0]
					}
				}
			}
		},
		"animation.nichirintou.kedamono.zyu_1_third": {
			"loop": true,
			"animation_length": 0.1667,
			"bones": {
				"nichirinto_left": {
					"rotation": {
						"0.0": [0, 0, 85],
						"0.0833": [180, 0, 85],
						"0.1667": [270, 0, 85]
					},
					"position": {
						"0.0": [0, 0, 0],
						"0.0833": [1, 0, 6],
						"0.1667": [4, 0, 3]
					}
				},
				"nichirinto_right": {
					"rotation": {
						"0.0": [0, 0, -97.5],
						"0.0833": [182.5, 0, -97.5],
						"0.1667": [270, 0, -97.5]
					},
					"position": {
						"0.0": [0, 0, 0],
						"0.0833": [0, 0, 6],
						"0.1667": [-4, 0, 3]
					}
				}
			}
		},
		"animation.nichirintou.kedamono.zyu_1_first": {
			"loop": true,
			"animation_length": 0.25,
			"bones": {
				"nichirinto_left": {
					"rotation": {
						"0.0": [0, 22.5, 0],
						"0.0625": [97.5, 22.5, 0],
						"0.125": [185, 22.5, 0],
						"0.1875": [260, 22.5, 0],
						"0.25": [347.5, 22.5, 0]
					},
					"position": [0, 0, 0]
				},
				"nichirinto_right": {
					"rotation": {
						"0.0": [4.45194, -26.47684, 6.52905],
						"0.0625": [91.95194, -26.47684, 6.52905],
						"0.125": [181.95194, -26.47684, 6.52905],
						"0.1875": [271.95194, -26.47684, 6.52905],
						"0.25": [361.95194, -26.47684, 6.52905]
					},
					"position": [0, 0, 0]
				}
			}
		}
	}
}