{
	"format_version": "1.8.0",
	"animations": {
		"animation.nichirintou.mushi.chou_1_": {
			"loop": true
		},
		"animation.nichirintou.mushi.chou_1_third": {
			"animation_length": 0.5,
			"bones": {
				"nichirintou": {
					"rotation": {
						"0.0": [0, 0, 0],
						"0.0417": [0, 0, 0],
						"0.0833": [57.5, 0, 0],
						"0.125": [0, 0, 0],
						"0.1667": [97.5, 0, 0],
						"0.2083": [0, 0, 0],
						"0.25": [72.74998, 2.99318, 9.54589],
						"0.2917": [0, 0, 0],
						"0.3333": [72.5, 0, 0],
						"0.375": [0, 0, 0],
						"0.4167": [70, 0, 0]
					},
					"position": {
						"0.0": [0, 0, 0],
						"0.0417": [0, 0, 0],
						"0.0833": [0, 0, -4],
						"0.125": [0, 0, 0],
						"0.1667": [0, -2, -3],
						"0.2083": [0, 0, 0],
						"0.25": [0, 0, -2],
						"0.2917": [0, 0, 0],
						"0.3333": [0, -2, -4],
						"0.375": [0, 0, 0],
						"0.4167": [0, 0, -3]
					}
				}
			}
		},
		"animation.nichirintou.mushi.houga_1_third": {
			"animation_length": 0.5,
			"bones": {
				"nichirintou": {
					"rotation": {
						"0.1667": [0, 0, 0],
						"0.3333": [85, 0, 0]
					},
					"position": {
						"0.1667": [0, 0, 0],
						"0.3333": [0, -3, -3]
					}
				}
			}
		},
		"animation.nichirintou.mushi.seirei_1_third": {
			"animation_length": 0.5,
			"bones": {
				"nichirintou": {
					"rotation": {
						"0.0": [0, 0, 0],
						"0.0417": [80, 0, 0],
						"0.0833": [-2.5, 0, 0],
						"0.125": [87.5, 0, 0],
						"0.1667": [32.5, 0, 0],
						"0.2083": [142.5, 0, 0],
						"0.25": [75.24998, 2.99318, 9.54589],
						"0.2917": [95, 0, 0],
						"0.3333": [-2.5, 0, 0],
						"0.375": [80.23242, 2.15393, 12.31594],
						"0.4167": [-7.5, 0, 0]
					},
					"position": {
						"0.0": [0, 0, 0],
						"0.0417": [0, 0, 0],
						"0.0833": [0, 0, -4],
						"0.125": [0, 0, 0],
						"0.1667": [0, -2, -3],
						"0.2083": [0, 0, 0],
						"0.25": [0, 0, -2],
						"0.2917": [0, 0, 0],
						"0.3333": [0, -2, -4],
						"0.375": [0, 0, 0],
						"0.4167": [0, 0, -3]
					}
				}
			}
		},
		"animation.nichirintou.mushi.gokou_1_third": {
			"loop": true
		},
		"animation.nichirintou.mushi.chou_1_first": {
			"loop": true
		},
		"animation.nichirintou.mushi.houga_1_first": {
			"loop": true
		},
		"animation.nichirintou.mushi.seirei_1_first": {
			"loop": true
		},
		"animation.nichirintou.mushi.gokou_1_first": {
			"loop": true
		}
	}
}