{
	"format_version": "1.8.0",
	"animations": {
		"animation.sanemi_first": {
			"loop": true,
			"animation_length": 0.70833,
			"bones": {
				"sanemi_nichirinto": {
					"rotation": [14.93001, 68.69274, -44.97092],
					"position": [2, -4, 2],
					"scale": 0.5
				},
				"leftArm": {
					"rotation": [129.97836, -10.2588, -21.93613],
					"position": [-9, -1, 4],
					"scale": 0.5
				}
			}
		},
		"animation.sanemi_third": {
			"loop": true,
			"bones": {
				"sanemi_nichirinto": {
					"scale": 0.3
				}
			}
		},
		"animation.sanemi.attack": {
			"animation_length": 0.5,
			"bones": {
				"rightArm": {
					"rotation": {
						"0.0": [0, 0, 0],
						"0.1667": [-127.87778, -14.71935, -14.35508],
						"0.3333": [-6.80402, -18.72066, -26.72532]
					},
					"position": [0, 0, 0]
				},
				"sanemi_nichirinto": {
					"rotation": {
						"0.0": [0, 0, 0],
						"0.1667": [0, 12.5, 0],
						"0.3333": [37.5, 12.5, 0]
					},
					"position": {
						"0.0": [0, 0, 0],
						"0.3333": [-1, -2, -3]
					}
				},
				"root": {
					"rotation": {
						"0.0": [0, 0, 0],
						"0.1667": [0, -22.5, 0]
					},
					"position": [0, 0, 0]
				},
				"body": {
					"rotation": {
						"0.0": [0, 0, 0],
						"0.1667": [0, 22.5, 0],
						"0.3333": [0, 17.5, 0]
					},
					"position": [0, 0, 0]
				},
				"leftArm": {
					"rotation": {
						"0.0": [0, 0, 0],
						"0.1667": [-137.18705, 25.70114, -41.5461],
						"0.3333": [-31.02103, 56.23902, -0.33953]
					},
					"position": [0, 0, 0]
				},
				"leftLeg": {
					"rotation": {
						"0.0": [0, 0, 0],
						"0.1667": [15.32723, 21.11183, -5.54121]
					},
					"position": [0, 0, 0]
				},
				"rightLeg": {
					"rotation": {
						"0.0": [0, 0, 0],
						"0.1667": [-14.3546, 24.56163, 7.86675]
					},
					"position": [0, 0, 0]
				}
			}
		},
		"animation.nichirintou_kokyu.sanemi.ichi_1": {
			"animation_length": 0.5,
			"bones": {
				"root": {
					"rotation": [0, 0, 0],
					"position": {
						"0.0": [0, 0, 0],
						"0.1667": [0, -3, 0]
					}
				},
				"body": {
					"rotation": {
						"0.0": [0, 0, 0],
						"0.1667": [57.5, 0, 0]
					},
					"position": {
						"0.0": [0, 0, 0],
						"0.1667": [0, -4, -9]
					}
				},
				"head": {
					"rotation": [0, 0, 0],
					"position": [0, 0, 0]
				},
				"leftArm": {
					"rotation": {
						"0.0": [0, 0, 0],
						"0.1667": [-38.66901, 11.14485, 13.57875]
					},
					"position": [0, 0, 0]
				},
				"rightArm": {
					"rotation": {
						"0.0": [0, 0, 0],
						"0.1667": [-67.14566, 45.13384, 148.51799]
					},
					"position": [0, 0, 0]
				},
				"nichirinto": {
					"rotation": [0, 0, 0],
					"position": [0, 0, 0]
				},
				"leftLeg": {
					"rotation": {
						"0.0": [0, 0, 0],
						"0.1667": [45, 0, 0]
					},
					"position": [0, 0, 0]
				},
				"rightLeg": {
					"rotation": {
						"0.0": [0, 0, 0],
						"0.1667": [-45, 0, 0]
					},
					"position": [0, 0, 0]
				}
			},
			"particle_effects": {
				"0.0": [
					{
						"effect": "kaze_blead_particle",
						"locator": "sanemi1"
					},
					{
						"effect": "kaze_blead_particle",
						"locator": "sanemi2"
					},
					{
						"effect": "kaze_blead_particle",
						"locator": "sanemi3"
					},
					{
						"effect": "kaze_blead_particle",
						"locator": "sanemi4"
					},
					{
						"effect": "kaze_blead_particle",
						"locator": "sanemi5"
					},
					{
						"effect": "kaze_blead_particle",
						"locator": "sanemi6"
					}
				]
			}
		},
		"animation.nichirintou_kokyu.sanemi.ichi_2": {
			"loop": true,
			"animation_length": 0.5,
			"bones": {
				"root": {
					"position": [0, -3, 0]
				},
				"body": {
					"rotation": [57.5, 0, 0],
					"position": [-2, -4, -9]
				},
				"head": {
					"rotation": [0, 0, 0],
					"position": [0, 0, 0]
				},
				"leftArm": {
					"rotation": [-93.66901, 11.14485, 13.57875]
				},
				"rightArm": {
					"rotation": [-67.14566, 45.13384, 148.51799]
				},
				"leftLeg": {
					"rotation": [45, 0, 0]
				},
				"rightLeg": {
					"rotation": [-45, 0, 0]
				}
			},
			"particle_effects": {
				"0.0": [
					{
						"effect": "kaze_blead_particle",
						"locator": "sanemi1"
					},
					{
						"effect": "kaze_blead_particle",
						"locator": "sanemi2"
					},
					{
						"effect": "kaze_blead_particle",
						"locator": "sanemi3"
					},
					{
						"effect": "kaze_blead_particle",
						"locator": "sanemi4"
					},
					{
						"effect": "kaze_blead_particle",
						"locator": "sanemi5"
					},
					{
						"effect": "kaze_blead_particle",
						"locator": "sanemi6"
					}
				]
			}
		},
		"animation.nichirintou_kokyu.sanemi.ichi_3": {
			"animation_length": 0.75,
			"bones": {
				"head": {
					"rotation": [0, 0, 0],
					"position": [0, 0, 0]
				},
				"rightArm": {
					"rotation": {
						"0.0": [0, 0, 0],
						"0.25": [140, 0, 0]
					}
				},
				"nichirinto": {
					"rotation": [32.5, 0, 2.5]
				}
			},
			"particle_effects": {
				"0.0": [
					{
						"effect": "kaze_blead_particle",
						"locator": "kaze1"
					},
					{
						"effect": "kaze_blead_particle",
						"locator": "kaze2"
					},
					{
						"effect": "kaze_blead_particle",
						"locator": "kaze3"
					},
					{
						"effect": "kaze_blead_particle",
						"locator": "kaze4"
					},
					{
						"effect": "kaze_blead_particle",
						"locator": "kaze5"
					},
					{
						"effect": "kaze_blead_particle",
						"locator": "kaze6"
					}
				]
			}
		},
		"animation.nichirintou_kokyu.sanemi.ni_1": {
			"animation_length": 0.75,
			"bones": {
				"rightArm": {
					"rotation": {
						"0.0": [0, 0, 0],
						"0.1667": [-119.4312, 0.87039, -3.37477],
						"0.4167": [16.67784, 6.67067, 3.50918]
					},
					"position": [0, 0, 0]
				},
				"nichirinto": {
					"rotation": {
						"0.0": [0, 0, 0],
						"0.4167": [17.5, 0, 0]
					},
					"position": [0, 0, 0]
				},
				"root": {
					"rotation": {
						"0.0": [0, 0, 0],
						"0.1667": [0, -32.5, 0]
					},
					"position": [0, 0, 0]
				},
				"body": {
					"rotation": {
						"0.0": [0, 0, 0],
						"0.1667": [0, 25, 0]
					},
					"position": [0, 0, 0]
				},
				"leftArm": {
					"rotation": {
						"0.0": [0, 0, 0],
						"0.1667": [-117.46153, 46.68908, -5.96506],
						"0.4167": [-33.88519, 57.52509, 11.11459]
					},
					"position": [0, 0, 0]
				},
				"leftLeg": {
					"rotation": {
						"0.0": [0, 0, 0],
						"0.1667": [16.19895, 17.18678, -14.74859]
					},
					"position": [0, 0, 0]
				},
				"rightLeg": {
					"rotation": {
						"0.0": [0, 0, 0],
						"0.1667": [-18.80951, 31.77332, 3.22534]
					},
					"position": [0, 0, 0]
				}
			},
			"particle_effects": {
				"0.0": [
					{
						"effect": "kaze_blead_particle",
						"locator": "sanemi1"
					},
					{
						"effect": "kaze_blead_particle",
						"locator": "sanemi2"
					},
					{
						"effect": "kaze_blead_particle",
						"locator": "sanemi3"
					},
					{
						"effect": "kaze_blead_particle",
						"locator": "sanemi4"
					},
					{
						"effect": "kaze_blead_particle",
						"locator": "sanemi5"
					},
					{
						"effect": "kaze_blead_particle",
						"locator": "sanemi6"
					}
				]
			}
		},
		"animation.nichirintou_kokyu.sanemi.san_1": {
			"loop": true,
			"animation_length": 0.75,
			"bones": {
				"leftArm": {
					"rotation": {
						"0.0": [0, 0, -25],
						"0.0417": [-57.41667, 16.64965, 41.14272],
						"0.0833": [-38.73964, -10.76461, 63.14485],
						"0.25": [-32.94082, -24.06795, 44.06332],
						"0.2917": [-39.8965, -2.82506, 72.87615],
						"0.3333": [-47.3965, -2.82506, 72.87615],
						"0.4167": [-52.99795, -66.38804, 109.55585],
						"0.5417": [-57.41667, 16.64965, 41.14272],
						"0.5833": [-38.73964, -10.76461, 63.14485],
						"0.75": [-9.02021, -68.85765, -13.03933]
					}
				},
				"rightArm": {
					"rotation": {
						"0.0": [0, 0, 0],
						"0.0417": [-83.32219, -41.9621, 65.24011],
						"0.0833": [-35.82219, -41.9621, 65.24011],