{
	"format_version": "1.8.0",
	"animations": {
		"animation.gomugomu.pistol": {
			"loop": "hold_on_last_frame",
			"animation_length": 0.16667,
			"bones": {
				"leftArm": {
					"rotation": [-72.28638, -6.49053, -3.76613],
					"position": [0, 0, 0],
					"scale": 1
				},
				"rightArm": {
					"rotation": {
						"0.0": [87.41193, 14.98539, 179.33037],
						"0.1667": [87.41193, 14.98539, 179.33037]
					},
					"position": {
						"0.0": [0, 0, 0],
						"0.1667": [-7, 0, 21]
					},
					"scale": {
						"0.0": [1, 1, 1],
						"0.1667": [1, 10, 1]
					}
				}
			}
		},
		"animation.gomugomu.pistol_attack": {
			"animation_length": 1.08333,
			"bones": {
				"leftArm": {
					"rotation": [-72.28638, -6.49053, -3.76613],
					"position": [0, 0, 0],
					"scale": 1
				},
				"rightArm": {
					"rotation": {
						"0.0": [87.41193, 14.98539, 179.33037],
						"0.1667": [87.41193, 14.98539, 179.33037],
						"0.3333": [87.41193, 14.98539, 179.33037],
						"0.375": [-89.99582, 2.49298, 0.10932]
					},
					"position": {
						"0.0": [0, 0, 0],
						"0.1667": [-7, 0, 21],
						"0.3333": [-2, 0, 1],
						"0.5": [0, 0, -22]
					},
					"scale": {
						"0.0": [1, 1, 1],
						"0.1667": [1, 10, 1],
						"0.3333": [1, 1, 1],
						"0.5": [1, 10, 1]
					}
				}
			}
		},
		"animation.gomugomu.pistol2": {
			"animation_length": 0.75,
			"bones": {
				"leftArm": {
					"rotation": [-72.28638, -6.49053, -3.76613],
					"position": [0, 0, 0],
					"scale": 1
				},
				"rightArm": {
					"rotation": {
						"0.0": [87.41193, 14.98539, 179.33037],
						"0.1667": [87.41193, 14.98539, 179.33037],
						"0.2083": [-89.99582, 2.49298, 0.10932]
					},
					"position": {
						"0.0": [-7, 0, 21],
						"0.1667": [-2, 0, 1],
						"0.3333": [0, 0, -22]
					},
					"scale": {
						"0.0": [1, 10, 1],
						"0.1667": [1, 1, 1],
						"0.3333": [1, 10, 1]
					}
				}
			}
		}
	}
}