{
	"format_version": "1.8.0",
	"animations": {
		"animation.kaminari_first": {
			"loop": true,
			"animation_length": 0.70833,
			"bones": {
				"kaminari_nichirinto": {
					"rotation": [14.93001, 68.69274, -44.97092],
					"position": [2, -4, 2],
					"scale": 0.5
				},
				"nichirinto2": {
					"rotation": [-126.53069, 0.66428, 170.68014],
					"position": [1, -3.7, 3],
					"scale": 0.3
				},
				"leftArm": {
					"rotation": [129.97836, -10.2588, -21.93613],
					"position": [-9, -1, 4],
					"scale": 0.5
				}
			}
		},
		"animation.kaminari_third": {
			"loop": true,
			"bones": {
				"nichirinto2": {
					"rotation": [-15.91914, -0.49848, -0.13487],
					"position": [0.7, 0.6, -1.3],
					"scale": 0.3
				},
				"kaminari_nichirinto": {
					"scale": 0.3
				}
			}
		},
		"animation.kaminari.attack": {
			"animation_length": 0.5,
			"bones": {
				"rightArm": {
					"rotation": {
						"0.0": [0, 0, 0],
						"0.1667": [-127.87778, -14.71935, -14.35508],
						"0.3333": [-6.80402, -18.72066, -26.72532]
					},
					"position": [0, 0, 0]
				},
				"nichirinto_tanjiro": {
					"rotation": {
						"0.0": [0, 0, 0],
						"0.1667": [0, 12.5, 0],
						"0.3333": [37.5, 12.5, 0]
					},
					"position": {
						"0.0": [0, 0, 0],
						"0.3333": [-1, -2, -3]
					}
				},
				"root": {
					"rotation": {
						"0.0": [0, 0, 0],
						"0.1667": [0, -22.5, 0]
					},
					"position": [0, 0, 0]
				},
				"body": {
					"rotation": {
						"0.0": [0, 0, 0],
						"0.1667": [0, 22.5, 0],
						"0.3333": [0, 17.5, 0]
					},
					"position": [0, 0, 0]
				},
				"leftArm": {
					"rotation": {
						"0.0": [0, 0, 0],
						"0.1667": [-137.18705, 25.70114, -41.5461],
						"0.3333": [-31.02103, 56.23902, -0.33953]
					},
					"position": [0, 0, 0]
				},
				"leftLeg": {
					"rotation": {
						"0.0": [0, 0, 0],
						"0.1667": [15.32723, 21.11183, -5.54121]
					},
					"position": [0, 0, 0]
				},
				"rightLeg": {
					"rotation": {
						"0.0": [0, 0, 0],
						"0.1667": [-14.3546, 24.56163, 7.86675]
					},
					"position": [0, 0, 0]
				}
			}
		},
		"animation.nichirintou_kokyu.kaminari.ichi_1": {
			"animation_length": 0.5,
			"bones": {
				"root": {
					"rotation": [0, 0, 0],
					"position": {
						"0.0": [0, 0, 0],
						"0.1667": [0, -3, 0]
					}
				},
				"body": {
					"rotation": {
						"0.0": [0, 0, 0],
						"0.1667": [57.5, 0, 0]
					},
					"position": {
						"0.0": [0, 0, 0],
						"0.1667": [0, -4, -9]
					}
				},
				"head": {
					"rotation": [0, 0, 0],
					"position": [0, 0, 0]
				},
				"leftArm": {
					"rotation": {
						"0.0": [0, 0, 0],
						"0.1667": [-38.66901, 11.14485, 13.57875]
					},
					"position": [0, 0, 0]
				},
				"rightArm": {
					"rotation": {
						"0.0": [0, 0, 0],
						"0.1667": [-67.14566, 45.13384, 148.51799]
					},
					"position": [0, 0, 0]
				},
				"kaminari_nichirinto": {
					"rotation": [0, 0, 0],
					"position": [0, 0, 0]
				},
				"leftLeg": {
					"rotation": {
						"0.0": [0, 0, 0],
						"0.1667": [45, 0, 0]
					},
					"position": [0, 0, 0]
				},
				"rightLeg": {
					"rotation": {
						"0.0": [0, 0, 0],
						"0.1667": [-45, 0, 0]
					},
					"position": [0, 0, 0]
				}
			},
			"particle_effects": {
				"0.0": [
					{
						"effect": "kaminari_blead_particle",
						"locator": "kaminari1"
					},
					{
						"effect": "kaminari_blead_particle",
						"locator": "kaminari2"
					},
					{
						"effect": "kaminari_blead_particle",
						"locator": "kaminari3"
					},
					{
						"effect": "kaminari_blead_particle",
						"locator": "kaminari4"
					},
					{
						"effect": "kaminari_blead_particle",
						"locator": "kaminari5"
					},
					{
						"effect": "kaminari_blead_particle",
						"locator": "kaminari6"
					}
				]
			}
		},
		"animation.nichirintou_kokyu.kaminari.ichi_2": {
			"loop": true,
			"animation_length": 0.5,
			"bones": {
				"root": {
					"position": [0, -3, 0]
				},
				"body": {
					"rotation": [57.5, 0, 0],
					"position": [0, -4, -9]
				},
				"head": {
					"rotation": [0, 0, 0],
					"position": [0, 0, 0]
				},
				"leftArm": {
					"rotation": [-38.66901, 11.14485, 13.57875]
				},
				"rightArm": {
					"rotation": [-67.14566, 45.13384, 148.51799]
				},
				"leftLeg": {
					"rotation": [45, 0, 0]
				},
				"rightLeg": {
					"rotation": [-45, 0, 0]
				}
			},
			"particle_effects": {
				"0.0": [
					{
						"effect": "kaminari_blead_particle",
						"locator": "kaminari1"
					},
					{
						"effect": "kaminari_blead_particle",
						"locator": "kaminari2"
					},
					{
						"effect": "kaminari_blead_particle",
						"locator": "kaminari3"
					},
					{
						"effect": "kaminari_blead_particle",
						"locator": "kaminari4"
					},
					{
						"effect": "kaminari_blead_particle",
						"locator": "kaminari5"
					},
					{
						"effect": "kaminari_blead_particle",
						"locator": "kaminari6"
					}
				]
			}
		},
		"animation.nichirintou_kokyu.kaminari.ichi_3": {
			"animation_length": 1,
			"bones": {
				"head": {
					"rotation": [0, 0, 0],
					"position": [0, 0, 0]
				},
				"rightArm": {
					"rotation": {
						"0.0": [0, 0, 0],
						"0.25": [140, 0, 0]
					}
				},
				"kaminari_nichirinto": {
					"rotation": [32.5, 0, 2.5]
				}
			},
			"particle_effects": {
				"0.0": [
					{
						"effect": "kaminari_blead_particle",
						"locator": "kaminari1"
					},
					{
						"effect": "kaminari_blead_particle",
						"locator": "kaminari2"
					},
					{
						"effect": "kaminari_blead_particle",
						"locator": "kaminari3"
					},
					{
						"effect": "kaminari_blead_particle",
						"locator": "kaminari4"
					},
					{
						"effect": "kaminari_blead_particle",
						"locator": "kaminari5"
					},
					{
						"effect": "kaminari_blead_particle",
						"locator": "kaminari6"
					}
				]
			}
		},
		"animation.nichirintou_kokyu.kaminari.ni_1": {
			"animation_length": 0.5,
			"bones": {
				"leftArm": {
					"rotation": {
						"0.0": [0, 0, 0],
						"0.0417": [-57.56424, 30.58184, 17.91705],
						"0.0833": [-60.44836, 52.72132, -45.80427]
					},
					"position": [0, 0, 0]
				},
				"rightArm": {
					"rotation": {
						"0.0": [0, 0, 0],
						"0.0417": [-68.28824, 20.81733, -45.57277],
						"0.0833": [-13.28824, 20.81733, -45.57277],
						"0.1667": [-146.97502, -43.42058, 83.8828],
						"0.2083": [-4.47502, -43.42058, 83.8828],
						"0.25": [-138.81373, 19.40946, -132.60409],
						"0.2917": [-11.31373, 19.40946, -132.60409],
						"0.3333": [-129.37636, -17.76716, 134.24909],
						"0.375": [5.62364, -17.76716, 134.24909],
						"0.4167": [184.0719, -4.18317, 354.59544],
						"0.4583": [364.0719, -4.18317, 354.59544]
					},
					"position": [0, 0, 0]
				},
				"kaminari_nichirinto": {
					"rotation": {
						"0.0": [0, 0, 0],
						"0.125": [25, 0, 0],
						"0.1667": [0, 0, 0],
						"0.2917": [50, 0, 0],
						"0.3333": [0, 0, 0]
					},
					"position": [0, 0, 0]
				}
			},
			"particle_effects": {
				"0.0": [
					{
						"effect": "kaminari_blead_particle",
						"locator": "kaminari1"
					},
					{
						"effect": "kaminari_blead_particle",
						"locator": "kaminari2"
					},
					{
						"effect": "kaminari_blead_particle",
						"locator": "kaminari3"
					},
					{
						"effect": "kaminari_blead_particle",
						"locator": "kaminari4"
					},
					{
						"effect": "kaminari_blead_particle",
						"locator": "kaminari5"
					},
					{
						"effect": "kaminari_blead_particle",
						"locator": "kaminari6"
					},
					{
						"effect": "kaminari_point_particle",
						"locator": "kaminari7"
					}
				],
				"0.0417": {
					"effect": "kaminari_point_particle",
					"locator": "kaminari7"
				},
				"0.0833": {
					"effect": "kaminari_point_particle",
					"locator": "kaminari7"
				},
				"0.125": {
					"effect": "kaminari_point_particle",
					"locator": "kaminari7"
				},
				"0.1667": {
					"effect": "kaminari_point_particle",