{
	"format_version": "1.8.0",
	"animations": {
		"animation.action.iwa.ichi_1_third": {
			"loop": "hold_on_last_frame",
			"animation_length": 0.375,
			"bones": {
				"leftArm": {
					"rotation": {
						"0.0": [0, 0, 0],
						"0.1667": [-129.71128, -17.67415, 14.15251],
						"0.375": [-72.2909, 35.5041, -0.65263]
					},
					"position": [0, 0, 0]
				},
				"rightArm": {
					"rotation": {
						"0.0": [0, 0, 0],
						"0.1667": [-115.49363, 14.56615, -3.30567],
						"0.375": [-58.93568, -36.98993, 23.72523]
					},
					"position": [0, 0, 0]
				}
			}
		},
		"animation.action.iwa.ni_1_third": {
			"loop": "hold_on_last_frame",
			"animation_length": 0.5,
			"bones": {
				"rightArm": {
					"rotation": {
						"0.0": [0, 0, 0],
						"0.1667": [-137.5, 0, 0]
					},
					"position": {
						"0.0": [0, 0, 0],
						"0.1667": [0, 0, 0]
					}
				},
				"rightLeg": {
					"rotation": {
						"0.3333": [0, 0, 0],
						"0.4167": [-90, 32.5, 0],
						"0.5": [-17.5, 32.5, 0]
					},
					"position": [0, 0, 0]
				}
			}
		},
		"animation.action.iwa.san_1_third": {
			"loop": true,
			"animation_length": 0.4167,
			"bones": {
				"leftArm": {
					"rotation": {
						"0.0": [0, 0, 0],
						"0.0833": [-95.54233, -64.97062, 21.36424],
						"0.1667": [-97.71103, 72.27696, 8.98832],
						"0.25": [-162.18631, 9.57217, -69.86279],
						"0.3333": [-172.68209, 40.37802, 36.84492],
						"0.4167": [-0.18, 40.38, 36.84]
					},
					"position": [0, 0, 0]
				},
				"rightArm": {
					"rotation": {
						"0.0": [0, 0, 0],
						"0.0833": [-167.5122, 54.67379, 2.46864],
						"0.1667": [1.46381, -33.68333, -36.02146],
						"0.25": [-39.38813, 50.17999, 25.61114],
						"0.3333": [-110.7552, 64.24116, -54.97222],
						"0.4167": [-220.76, 64.24, -54.97]
					},
					"position": [0, 0, 0]
				}
			}
		},
		"animation.action.iwa.shi_1_third": {
			"loop": true,
			"animation_length": 0.1667,
			"bones": {
				"leftArm": {
					"rotation": {
						"0.0": [-191.12501, 5.73576, 26.94093],
						"0.1667": [-7.47948, 7.57635, 36.8373]
					},
					"position": [0, 0, 0]
				},
				"rightArm": {
					"rotation": {
						"0.0": [-193.26366, 5.188, -16.73634],
						"0.0833": [-21.34508, -1.14191, -33.07003],
						"0.1667": [-203.84508, -1.14191, -33.07003]
					},
					"position": [0, 0, 0]
				}
			}
		},
		"animation.action.iwa.go_1_third": {
			"loop": "hold_on_last_frame",
			"animation_length": 0.0833,
			"bones": {
				"leftArm": {
					"rotation": {
						"0.0": [0, 0, 0],
						"0.0833": [-55, 0, 0]
					},
					"position": [0, 0, 0]
				},
				"rightArm": {
					"rotation": {
						"0.0": [0, 0, 0],
						"0.0833": [-193.26366, 5.188, -16.73634]
					},
					"position": [0, 0, 0]
				},
				"leftLeg": {
					"rotation": {
						"0.0": [0, 0, 0],
						"0.0833": [50, 0, 0]
					},
					"position": [0, 0, 0]
				},
				"rightLeg": {
					"rotation": {
						"0.0": [0, 0, 0],
						"0.0833": [-57.5, 0, 0]
					},
					"position": [0, 0, 0]
				}
			}
		},
		"animation.action.iwa.go_2_third": {
			"loop": true,
			"animation_length": 0.5,
			"bones": {
				"leftArm": {
					"rotation": {
						"0.0": [-23.62501, 5.73576, 26.94093],
						"0.0833": [87.96864, -48.22371, -151.68088],
						"0.1667": [-30.28689, 5.74, 26.94],
						"0.25": [-136.64068, -80.6987, 56.19821],
						"0.3333": [-30.29, 5.74, 26.94],
						"0.4167": [-187.11402, -77.17481, 125.53474],
						"0.5": [-20.29, 5.74, 26.94]
					},
					"position": [0, 0, 0]
				},
				"rightArm": {
					"rotation": {
						"0.0": [-193.26366, 5.188, -16.73634],
						"0.0833": [-8.26, 5.19, -16.74],
						"0.1667": [-215.82858, 75.19095, -150.05062],
						"0.25": [-35.76, 5.19, -16.74],
						"0.3333": [-132.8172, 70.36095, -56.62898],
						"0.4167": [-28.26, 5.19, -16.74],
						"0.5": [-131.93115, 62.64068, -37.33726]
					},
					"position": [0, 0, 0]
				},
				"leftLeg": {
					"rotation": [50, 0, 0],
					"position": [0, 0, 0]
				},
				"rightLeg": {
					"rotation": [-57.5, 0, 0],
					"position": [0, 0, 0]
				}
			}
		},
		"animation.action.iwa.ichi_1_first": {
			"loop": true
		},
		"animation.action.iwa.ni_1_first": {
			"loop": true
		},
		"animation.action.iwa.san_1_first": {
			"loop": true
		},
		"animation.action.iwa.shi_1_first": {
			"loop": true
		},
		"animation.action.iwa.go_1_first": {
			"loop": true
		},
		"animation.action.iwa.go_2_first": {
			"loop": true
		}
	}
}