{
	"format_version": "1.8.0",
	"animations": {
		"animation.action.koi.ichi_1_third": {
			"loop": "hold_on_last_frame",
			"animation_length": 0.1667,
			"bones": {
				"root": {
					"rotation": [0, 0, 0],
					"position": {
						"0.0": [0, 0, 0],
						"0.1667": [0, -3, 0]
					}
				},
				"body": {
					"rotation": {
						"0.0": [0, 0, 0],
						"0.1667": [57.5, 0, 0]
					},
					"position": {
						"0.0": [0, 0, 0],
						"0.1667": [-2, -4, -9]
					}
				},
				"head": {
					"rotation": {
						"0.0": [0, 0, 0],
						"0.1667": [0, 0, 0]
					},
					"position": {
						"0.0": [0, 0, 0],
						"0.1667": [0, 0, 0]
					}
				},
				"leftArm": {
					"rotation": {
						"0.0": [0, 0, 0],
						"0.1667": [-93.66901, 11.14485, 13.57875]
					},
					"position": [0, 0, 0]
				},
				"rightArm": {
					"rotation": {
						"0.0": [0, 0, 0],
						"0.1667": [-67.14566, 45.13384, 148.51799]
					},
					"position": {
						"0.0": [0, 0, 0],
						"0.1667": [-1, 0, 0]
					}
				},
				"leftLeg": {
					"rotation": {
						"0.0": [0, 0, 0],
						"0.1667": [45, 0, 0]
					},
					"position": {
						"0.0": [0, 0, 0],
						"0.1667": [-2, 2, 1]
					}
				},
				"rightLeg": {
					"rotation": {
						"0.0": [0, 0, 0],
						"0.1667": [-45, 0, 0]
					},
					"position": {
						"0.0": [0, 0, 0],
						"0.1667": [-2, 1, -1]
					}
				},
				"waist": {
					"rotation": [0, 0, 0],
					"position": [0, 0, 0]
				}
			}
		},
		"animation.action.koi.ichi_2_third": {
			"animation_length": 1.2083,
			"bones": {
				"root": {
					"position": [0, -2, 0]
				},
				"body": {
					"rotation": {
						"0.0": [57.5, 0, 0],
						"0.1667": [40, 0, 0],
						"0.4167": [44.34528, -11.57978, 0.80593]
					},
					"position": {
						"0.0": [-2, -4, -9],
						"0.1667": [0, -1, -7],
						"0.4167": [0, -1, -6]
					}
				},
				"head": {
					"rotation": [0, 0, 0],
					"position": [0, 0, 0]
				},
				"leftArm": {
					"rotation": {
						"0.0": [-93.66901, 11.14485, 13.57875],
						"0.3333": [-180.02898, -44.23992, 144.94006]
					}
				},
				"rightArm": {
					"rotation": {
						"0.0": [-67.14566, 45.13384, 148.51799],
						"0.1667": [47.85434, 45.13384, 148.51799]
					},
					"position": [-1, 0, 0]
				},
				"leftLeg": {
					"rotation": {
						"0.0": [45, 0, 0],
						"0.4167": [34.36852, -23.63857, -22.67723]
					},
					"position": {
						"0.0": [-2, 1, 1],
						"0.1667": [0, 1.5, 1],
						"0.4167": [-2, 2, 3]
					}
				},
				"rightLeg": {
					"rotation": {
						"0.0": [-45, 0, 0],
						"0.4167": [-30.16243, -35.39626, 45.28089]
					},
					"position": {
						"0.0": [-2, 1, -1],
						"0.1667": [-1, 2, 1],
						"0.4167": [-2, 2, 1]
					}
				}
			}
		},
		"animation.action.koi.ni_1_third": {
			"loop": "hold_on_last_frame",
			"animation_length": 0.5,
			"bones": {
				"body": {
					"rotation": {
						"0.0": [0, 0, 0],
						"0.1667": [-37.5, 0, 0],
						"0.375": [60, 0, 0]
					},
					"position": {
						"0.0": [0, 0, 0],
						"0.1667": [0, -2, 7],
						"0.2083": [0, -1.6, 3.8],
						"0.25": [0, -0.45, -0.4],
						"0.2917": [0, -0.97, -4.27],
						"0.3333": [0, -2.98, -7.63],
						"0.375": [0, -5, -9]
					}
				},
				"leftArm": {
					"rotation": {
						"0.0417": [0, 0, 0],
						"0.1667": [-155.74955, 22.32924, -40.144],
						"0.375": [-38.52433, 21.04403, 22.05484]
					},
					"position": [0, 0, 0]
				},
				"rightArm": {
					"rotation": {
						"0.0417": [0, 0, 0],
						"0.1667": [-149.55271, -23.03568, 33.65181],
						"0.375": [-39.47225, -35.41852, -14.16161]
					},
					"position": [0, 0, 0]
				}
			}
		},
		"animation.action.koi.san_1_third": {
			"loop": true,
			"animation_length": 0.875,
			"bones": {
				"body": {
					"rotation": [0, 0, 0],
					"position": [0, 0, 0]
				},
				"leftArm": {
					"rotation": {
						"0.0": [0, 0, 0],
						"0.125": [-156.63297, 51.01073, -41.19844],
						"0.25": [-89.13297, 51.01073, -41.19844],
						"0.375": [-101.65644, 6.28044, -106.70269],
						"0.5": [-11.65644, 6.28044, -106.70269],
						"0.625": [-144.15644, 6.28044, -106.70269],
						"0.75": [-146.74507, -15.51833, -75.89596],
						"0.875": [-156.20872, 28.28699, -145.15857]
					},
					"position": [0, 0, 0]
				},
				"rightArm": {
					"rotation": {
						"0.0": [0, 0, 0],
						"0.125": [-162.62302, -13.18075, -1.74425],
						"0.25": [-22.62302, -13.18075, -1.74425],
						"0.375": [-139.46015, -45.66564, 105.10968],
						"0.5": [3.03985, -45.66564, 105.10968],
						"0.625": [41.02494, -22.32788, 42.94419],
						"0.75": [-125.76149, -6.3496, 69.24916],
						"0.875": [21.24617, 8.45005, 43.07602]
					},
					"position": [0, 0, 0]
				}
			}
		},
		"animation.action.koi.go_1_third": {
			"animation_length": 0.7917,
			"bones": {
				"root": {
					"rotation": {
						"0.0": [0, 0, 0],
						"0.0833": [-25, 0, 0],
						"0.1667": [-52.5, 0, 0],
						"0.4583": [-52.5, 0, 0],
						"0.6667": [-322.5, 0, 0]
					},
					"position": {
						"0.0": [0, 0, 0],
						"0.1667": [0, 14, -12]
					}
				},
				"waist": {
					"rotation": {
						"0.0": [0, 0, 0],
						"0.0833": [-35, 0, 0],
						"0.1667": [-112.5, 0, 0],
						"0.4583": [-112.5, 0, 0],
						"0.6667": [-30, 0, 0]
					},
					"position": {
						"0.0": [0, 0, 0],
						"0.0833": [0, 0, -1],
						"0.1667": [0, 1, 0],
						"0.4583": [0, 1, 0],
						"0.6667": [0, 0, 0]
					}
				},
				"body": {
					"rotation": [0, 0, 0],
					"position": [0, 0, 0]
				},
				"leftArm": {
					"rotation": {
						"0.0": [0, 0, 0],
						"0.0833": [-97.5, 0, 0],
						"0.1667": [-165.48918, 3.84097, -14.51082],
						"0.2917": [-139.57349, 26.65639, -38.7115],
						"0.3333": [-241.05241, 20.95254, -32.66133],
						"0.4583": [-165.48918, 3.84097, -14.51082],
						"0.5833": [0, 0, 0]
					},
					"position": [0, 0, 0]
				},
				"rightArm": {
					"rotation": {
						"0.0": [0, 0, 0],
						"0.0833": [-95, 0, 0],
						"0.1667": [-211.92457, -56.85811, 39.37461],
						"0.25": [-182.21519, 46.25441, -6.56802],
						"0.2917": [-106.9049, 28.61199, -11.02837],
						"0.3333": [-241.6996, 47.95425, -73.74999],
						"0.375": [-173.26803, 35.84192, -79.29732],
						"0.4167": [-316.25861, -71.93314, 115.40843],
						"0.4583": [-211.92457, -56.85811, 39.37461],
						"0.5833": [0, 0, 0]
					},
					"position": [0, 0, 0]
				},
				"leftLeg": {
					"rotation": {
						"0.0": [0, 0, 0],
						"0.1667": [-180, 0, 0],
						"0.4583": [-180, 0, 0],
						"0.6667": [-40, 0, 0]
					},
					"position": [0, 0, 0]
				}
			}
		},
		"animation.action.koi.roku_1_third": {
			"loop": "hold_on_last_frame",
			"animation_length": 1,
			"bones": {
				"body": {
					"rotation": {
						"0.0": [0, 0, 0],
						"0.25": [-37.63154, 5.19348, 0.20187]
					},
					"position": {
						"0.0": [0, 0, 0],
						"0.25": [0, -3, 8]
					}
				},
				"leftArm": {
					"rotation": {
						"0.0": [0, 0, 0],
						"0.125": [-46.58709, 41.51875, 23.31252],
						"0.25": [-145.29543, 26.38297, -23.14717],
						"0.5": [-121.53929, -47.04011, 24.36463],
						"0.75": [-89.06988, -20.65399, -5.01645],
						"1.0": [25.60097, -1.77531, -87.66963]
					},
					"position": [0, 0, 0]
				},
				"rightArm": {
					"rotation": {
						"0.0": [0, 0, 0],
						"0.125": [-125.45948, -40.58393, 117.0997],
						"0.25": [-143.27587, -17.59136, 16.57258],
						"0.5": [-93.96091, 51.98356, 7.74001],
						"0.75": [-90.2563, -11.29318, -12.4416],
						"1.0": [8.91682, 2.19642, 87.31993]
					},
					"position": [0, 0, 0]
				},
				"root": {
					"rotation": {
						"0.0": [0, 0, 0],
						"0.25": [-142.5, 0, 0]
					},
					"position": {
						"0.0": [0, 0, 0],
						"0.25": [0, 30, -9]
					}
				},
				"rightLeg": {
					"rotation": {
						"0.0": [0, 0, 0],
						"0.25": [-177.5, 0, 0]
					},
					"position": [0, 0, 0]
				}
			}
		},
		"animation.action.koi.ichi_1_first": {
			"loop": true
		},
		"animation.action.koi.ichi_2_first": {
			"loop": true
		},