{
	"format_version": "1.8.0",
	"animations": {
		"animation.action.muhyousuirenbosatu.attack": {
			"loop": true,
			"animation_length": 1,
			"bones": {
				"leftarm_down": {
					"rotation": [-10.10984, 40.84336, -122.33861],
					"position": {
						"0.0": [18, 15, 0],
						"0.0833": [18, -4, 0],
						"0.1667": [18, 18, -19],
						"0.25": [18, -6, -19],
						"0.3333": [0, 16, -19],
						"0.4167": [0, -5, -19],
						"0.5": [8, 14, -34],
						"0.5833": [8, -5, -34],
						"0.6667": [-10, 15, -27],
						"0.75": [-10, -4, -27],
						"0.8333": [8, 17, -15],
						"0.9167": [8, -5, -15],
						"1.0": [16, 12, 5]
					}
				},
				"rightarm_down": {
					"rotation": [11.81073, -40.10932, 102.94393],
					"position": {
						"0.0": [-14, 0, -14],
						"0.0833": [15, 13, -14],
						"0.1667": [15, -5, -14],
						"0.25": [4, 13, -31],
						"0.3333": [4, -5, -31],
						"0.4167": [-3, 13, -16],
						"0.5": [-3, -4, -16],
						"0.5833": [-19, 13, -23],
						"0.6667": [-19, -4, -23],
						"0.75": [-2, 13, -26],
						"0.8333": [-2, -5, -26],
						"0.9167": [13, 15, -20],
						"1.0": [13, -4, -20]
					}
				}
			},
			"particle_effects": {
				"0.0": [
					{
						"effect": "koori_slash",
						"locator": "ice"
					},
					{
						"effect": "koori_slash",
						"locator": "ice2"
					}
				]
			}
		}
	}
}