{
	"format_version": "1.8.0",
	"animations": {
		"animation.mob_head.hit": {
			"animation_length": 0.33333,
			"bones": {
				"head": {
					"rotation": {
						"0.0": [0, 0, 0],
						"0.0417": [0, 0, 5],
						"0.0833": [0, 0, 0],
						"0.125": [0, 0, -5],
						"0.1667": [0, 0, 0],
						"0.2083": [0, 0, 5],
						"0.25": [0, 0, 0],
						"0.2917": [0, 0, -5],
						"0.3333": [0, 0, 0]
					}
				}
			}
		},
		"animation.mob_head.hit2": {
			"animation_length": 0.33333,
			"bones": {
				"head": {
					"rotation": {
						"0.0": [0, 0, 0],
						"0.0417": [-15, 0, 15],
						"0.0833": [0, 0, 0],
						"0.125": [-15, 0, -15],
						"0.1667": [0, 0, 0],
						"0.2083": [-15, 0, -15],
						"0.25": [0, 0, 0],
						"0.2917": [15, 0, 15],
						"0.3333": [0, 0, 0]
					}
				}
			}
		}
	}
}