{
	"format_version": "1.8.0",
	"animations": {
		"animation.action.kama.bakkotyouryou_third": {
			"loop": true,
			"animation_length": 0.75,
			"bones": {
				"body": {
					"rotation": [35, 0, 0],
					"position": [0, -2, -6]
				},
				"rightArm": {
					"rotation": {
						"0.0": [-78.3686, 34.11935, 157.75964],
						"0.0833": [-156.74758, -39.30962, 217.62816],
						"0.1667": [-36.88816, 7.63849, -39.82202],
						"0.25": [-24.54108, 57.29791, 98.52552],
						"0.3333": [-108.83654, 0.15402, -0.34111],
						"0.4167": [-78.3686, 34.11935, 157.75964],
						"0.5": [-156.74758, -39.30962, 217.62816],
						"0.5833": [-36.88816, 7.63849, -39.82202],
						"0.6667": [-24.54108, 57.29791, 98.52552],
						"0.75": [-108.83654, 0.15402, -0.34111]
					}
				},
				"leftArm": {
					"rotation": {
						"0.0": [-54.21922, -62.02506, 7.24856],
						"0.0833": [-108.46336, -0.36455, -121.9354],
						"0.1667": [-13.46336, -0.36455, -121.9354],
						"0.25": [-76.35433, -55.58198, 48.71515],
						"0.3333": [-25.41973, 18.87147, 55.4081],
						"0.4167": [-54.21922, -62.02506, 7.24856],
						"0.5": [-108.46336, -0.36455, -121.9354],
						"0.5833": [-13.46336, -0.36455, -121.9354],
						"0.6667": [-76.35433, -55.58198, 48.71515],
						"0.75": [-25.41973, 18.87147, 55.4081]
					}
				},
				"rightLeg": {
					"rotation": [-25, 0, 0]
				},
				"leftLeg": {
					"rotation": [37.5, 0, 0]
				},
				"nichirintou_hold_left": {
					"rotation": {
						"0.0": [0, 0, 0],
						"0.0833": [55, 0, 0],
						"0.1667": [140, 0, 0],
						"0.25": [37.5, 0, 0],
						"0.3333": [96.48009, -52.21677, -98.17831],
						"0.4167": [196.48009, -52.21677, -98.17831],
						"0.5": [346.35238, 42.55581, 85.65616],
						"0.5833": [313.9183, -56.1637, 0.2745],
						"0.6667": [320.87039, 50.53751, -72.63889],
						"0.75": [440.87039, 50.53751, -72.63889]
					},
					"scale": {
						"0.0": [1, 1, 1],
						"0.75": [1, 1, 2.5]
					}
				},
				"nichirintou_hold_right": {
					"rotation": {
						"0.0": [0, 0, 0],
						"0.0833": [55, 0, 0],
						"0.1667": [140, 0, 0],
						"0.25": [37.5, 0, 0],
						"0.3333": [96.48009, -52.21677, -98.17831],
						"0.4167": [196.48009, -52.21677, -98.17831],
						"0.5": [346.35238, 42.55581, 85.65616],
						"0.5833": [313.9183, -56.1637, 0.2745],
						"0.6667": [320.87039, 50.53751, -72.63889],
						"0.75": [440.87039, 50.53751, -72.63889]
					},
					"scale": {
						"0.0": [1, 1, 1],
						"0.75": [1, 1, 2.9]
					}
				}
			},
			"particle_effects": {
				"0.0": [
					{
						"effect": "enzansenkai",
						"locator": "nichirintou_hold12"
					},
					{
						"effect": "enzansenkai",
						"locator": "nichirintou_hold6"
					}
				],
				"0.0833": [
					{
						"effect": "enzansenkai",
						"locator": "nichirintou_hold12"
					},
					{
						"effect": "enzansenkai",
						"locator": "nichirintou_hold6"
					}
				],
				"0.1667": [
					{
						"effect": "enzansenkai",
						"locator": "nichirintou_hold12"
					},
					{
						"effect": "enzansenkai",
						"locator": "nichirintou_hold6"
					}
				],
				"0.25": [
					{
						"effect": "enzansenkai",
						"locator": "nichirintou_hold12"
					},
					{
						"effect": "enzansenkai",
						"locator": "nichirintou_hold6"
					}
				],
				"0.3333": [
					{
						"effect": "enzansenkai",
						"locator": "nichirintou_hold12"
					},
					{
						"effect": "enzansenkai",
						"locator": "nichirintou_hold6"
					}
				],
				"0.4167": [
					{
						"effect": "enzansenkai",
						"locator": "nichirintou_hold12"
					},
					{
						"effect": "enzansenkai",
						"locator": "nichirintou_hold6"
					}
				],
				"0.5": [
					{
						"effect": "enzansenkai",
						"locator": "nichirintou_hold12"
					},
					{
						"effect": "enzansenkai",
						"locator": "nichirintou_hold6"
					}
				],
				"0.5833": [
					{
						"effect": "enzansenkai",
						"locator": "nichirintou_hold12"
					},
					{
						"effect": "enzansenkai",
						"locator": "nichirintou_hold6"
					}
				],
				"0.6667": [
					{
						"effect": "enzansenkai",
						"locator": "nichirintou_hold12"
					},
					{
						"effect": "enzansenkai",
						"locator": "nichirintou_hold6"
					}
				],
				"0.75": [
					{
						"effect": "enzansenkai",
						"locator": "nichirintou_hold12"
					},
					{
						"effect": "enzansenkai",
						"locator": "nichirintou_hold6"
					}
				]
			}
		},
		"animation.action.kama.enzansenkai_third": {
			"loop": true,
			"animation_length": 0.6667,
			"bones": {
				"rightArm": {
					"rotation": [0, 0, 87.5]
				},
				"leftArm": {
					"rotation": [0, 0, -87.5]
				},
				"rightLeg": {
					"rotation": [-7.32417, 1.61888, 12.39638]
				},
				"leftLeg": {
					"rotation": [0, 0, -12.5]
				},
				"nichirintou_hold_left": {
					"rotation": [90, 0, -2.5],
					"scale": {
						"0.0": [1, 1, 0.4],
						"0.6667": [1, 1, 3]
					}
				},
				"nichirintou_hold_right": {
					"rotation": [90, 0, 2.5],
					"scale": {
						"0.0": [1, 1, 0.4],
						"0.6667": [1, 1, 3]
					}
				}
			},
			"particle_effects": {
				"0.0": [
					{
						"effect": "enzansenkai",
						"locator": "nichirintou_hold12"
					},
					{
						"effect": "enzansenkai",
						"locator": "nichirintou_hold6"
					}
				],
				"0.0833": [
					{
						"effect": "enzansenkai",
						"locator": "nichirintou_hold12"
					},
					{
						"effect": "enzansenkai",
						"locator": "nichirintou_hold6"
					}
				],
				"0.1667": [
					{
						"effect": "enzansenkai",
						"locator": "nichirintou_hold12"
					},
					{
						"effect": "enzansenkai",
						"locator": "nichirintou_hold6"
					}
				],
				"0.25": [
					{
						"effect": "enzansenkai",
						"locator": "nichirintou_hold12"
					},
					{
						"effect": "enzansenkai",
						"locator": "nichirintou_hold6"
					}
				],
				"0.3333": [
					{
						"effect": "enzansenkai",
						"locator": "nichirintou_hold12"
					},
					{
						"effect": "enzansenkai",
						"locator": "nichirintou_hold6"
					}
				],
				"0.4167": [
					{
						"effect": "enzansenkai",
						"locator": "nichirintou_hold12"
					},
					{
						"effect": "enzansenkai",
						"locator": "nichirintou_hold6"
					}
				],
				"0.5": [
					{
						"effect": "enzansenkai",
						"locator": "nichirintou_hold12"
					},
					{
						"effect": "enzansenkai",
						"locator": "nichirintou_hold6"
					}
				],
				"0.5833": [
					{
						"effect": "enzansenkai",
						"locator": "nichirintou_hold12"
					},
					{
						"effect": "enzansenkai",
						"locator": "nichirintou_hold6"
					}
				],
				"0.6667": [
					{
						"effect": "enzansenkai",
						"locator": "nichirintou_hold12"
					},
					{
						"effect": "enzansenkai",
						"locator": "nichirintou_hold6"
					}
				]
			}
		},
		"animation.action.kama.enzansenkai_attack_third": {
			"loop": "hold_on_last_frame",
			"animation_length": 0.5,
			"bones": {
				"rightArm": {
					"rotation": [-87.5, 0, 87.5]
				},
				"leftArm": {
					"rotation": [-80, 0, -87.5]
				},
				"rightLeg": {
					"rotation": [-7.32417, 1.61888, 12.39638]
				},
				"leftLeg": {
					"rotation": [0, 0, -12.5]
				}
			}
		},
		"animation.action.kama.bakkotyouryou_first": {
			"loop": true,
			"animation_length": 0.3333,
			"bones": {
				"body": {
					"rotation": [35, 0, 0],
					"position": [0, -2, -6]
				},
				"rightArm": {
					"rotation": {
						"0.0": [-78.3686, 34.11935, 157.75964],
						"0.0833": [-156.74758, -39.30962, 217.62816],
						"0.1667": [-36.88816, 7.63849, -39.82202],
						"0.25": [-24.54108, 57.29791, 98.52552],
						"0.3333": [-108.83654, 0.15402, -0.34111]
					}
				},
				"leftArm": {
					"rotation": {
						"0.0": [-54.21922, -62.02506, 7.24856],
						"0.0833": [-108.46336, -0.36455, -121.9354],
						"0.1667": [-13.46336, -0.36455, -121.9354],
						"0.25": [-76.35433, -55.58198, 48.71515],
						"0.3333": [-25.41973, 18.87147, 55.4081]
					}
				},
				"rightLeg": {
					"rotation": [-25, 0, 0]
				},