{
	"format_version": "1.8.0",
	"animations": {
		"animation.nichirintou_custom.first": {
			"loop": "hold_on_last_frame",
			"bones": {
				"nichirintou_hold_left": {
					"rotation": [55.16243, 19.20748, 29.83757],
					"position": [-5, 7, -16]
				},
				"nichirintou_hold_right": {
					"rotation": [14.93001, 68.69274, -44.97092],
					"position": [2, 2, -1]
				}
			}
		},
		"animation.nichirintou_custom.attack_third": {
			"animation_length": 0.5,
			"bones": {
				"root": {
					"rotation": {
						"0.0": [0, 0, 0],
						"0.1667": [0, -22.5, 0]
					},
					"position": [0, 0, 0]
				},
				"body": {
					"rotation": {
						"0.0": [0, 0, 0],
						"0.1667": [0, 22.5, 0],
						"0.3333": [0, 17.5, 0]
					},
					"position": [0, 0, 0]
				},
				"leftArm": {
					"rotation": {
						"0.0": [0, 0, 0],
						"0.1667": [-137.18705, 25.70114, -41.5461],
						"0.3333": [-31.02103, 56.23902, -0.33953]
					},
					"position": [0, 0, 0]
				},
				"rightArm": {
					"rotation": {
						"0.0": [0, 0, 0],
						"0.1667": [-127.87778, -14.71935, -14.35508],
						"0.3333": [-6.80402, -18.72066, -26.72532]
					},
					"position": [0, 0, 0]
				},
				"leftLeg": {
					"rotation": {
						"0.0": [0, 0, 0],
						"0.1667": [15.32723, 21.11183, -5.54121]
					},
					"position": [0, 0, 0]
				},
				"rightLeg": {
					"rotation": {
						"0.0": [0, 0, 0],
						"0.1667": [-14.3546, 24.56163, 7.86675]
					},
					"position": [0, 0, 0]
				}
			}
		},
		"animation.nichirintou_custom.two_attack_third": {
			"loop": "hold_on_last_frame",
			"animation_length": 0.5,
			"bones": {
				"root": {
					"rotation": {
						"0.0": [0, 0, 0],
						"0.125": [0, -20, 0]
					},
					"position": [0, 0, 0]
				},
				"body": {
					"rotation": {
						"0.0": [0, 0, 0],
						"0.5": [0, 40, 0]
					},
					"position": [0, 0, 0]
				},
				"leftArm": {
					"rotation": {
						"0.0": [0, 0, 0],
						"0.125": [-59.70336, -57.48927, -6.09033],
						"0.25": [-59.7, -57.49, -6.09],
						"0.375": [-129.8001, -8.11729, 50.12877],
						"0.5": [-7.3001, -8.11729, 50.12877]
					},
					"position": [0, 0, 0]
				},
				"rightArm": {
					"rotation": {
						"0.0": [0, 0, 0],
						"0.125": [-127.50473, -0.21782, -35.0095],
						"0.25": [-2.5, -0.22, -35.01],
						"0.375": [-82.40703, 60.68902, -21.74355]
					},
					"position": [0, 0, 0]
				},
				"leftLeg": {
					"rotation": {
						"0.0": [0, 0, 0],
						"0.125": [14.96611, 15.46286, -8.52531]
					},
					"position": [0, 0, 0]
				},
				"rightLeg": {
					"rotation": {
						"0.0": [0, 0, 0],
						"0.125": [-17.68055, 18.93005, 1.89801]
					},
					"position": [0, 0, 0]
				}
			}
		},
		"animation.nichirintou_custom.attack_horizontality_third": {
			"loop": "hold_on_last_frame",
			"animation_length": 0.5,
			"bones": {
				"leftArm": {
					"rotation": {
						"0.0": [0, 0, 0],
						"0.2083": [-115.10814, 14.49974, -90.49648],
						"0.5": [31.44557, 0.53968, -89.83013]
					}
				},
				"rightArm": {
					"rotation": {
						"0.0": [0, 0, 0],
						"0.2083": [-91.54445, -16.87952, 77.49797],
						"0.5": [35.71139, -2.50597, 92.59933]
					}
				}
			}
		}
	}
}