{
	"format_version": "1.8.0",
	"animations": {
		"animation.breeze_fish.flop": {
			"loop": true,
			"animation_length": 0.9167,
			"bones": {
				"body": {
					"rotation": {
						"0.0": [0, 0, 0],
						"0.2083": [0, 2.5, 0],
						"0.4583": [0, 0, 0],
						"0.7083": [0, -5, 0],
						"0.9167": [0, 0, 0]
					}
				},
				"head": {
					"rotation": {
						"0.0": [0, 0, 0],
						"0.2083": [0, 5, 0],
						"0.4583": [0, 0, 0],
						"0.7083": [0, -5, 0],
						"0.9167": [0, 0, 0]
					}
				},
				"tailfin": {
					"rotation": {
						"0.0": [0, 0, 0],
						"0.2083": [0, -20, 0],
						"0.4583": [0, 0, 0],
						"0.7083": [0, 20, 0],
						"0.9167": [0, 0, 0]
					}
				},
				"wing_left": {
					"rotation": {
						"0.0": [-0.04915, -2.41268, 41.84315],
						"0.2083": [-0.07057, -4.82576, 41.18927],
						"0.4583": [0, 0, 42.5],
						"0.7083": [0.18345, 4.82286, 43.83219],
						"0.9167": [0, 0, 42.5]
					},
					"position": [0, 0, 0]
				},
				"wing_right": {
					"rotation": {
						"0.0": [0, 0, -42.5],
						"0.2083": [0.00369, 4.82987, -41.2064],
						"0.4583": [0, 0, -42.5],
						"0.7083": [0.10603, -4.82871, -43.80222],
						"0.9167": [0, 0, -42.5]
					},
					"position": [0, 0, 0]
				}
			},
			"particle_effects": {
				"0.0": {
					"effect": "dolphin_ring",
					"locator": "locator"
				}
			}
		}
	}
}